tSNE1,tSNE2,Split,Folder
7.5604405,-1.3978975,Strat,1AJU
-7.280784,-32.789104,Total,1AJU_DMA-176
-6.897954,-35.365685,Total,1AJU_DMA-180
-7.2279744,-35.418987,Strat,1AJU_DMA-182
-5.573893,-33.684006,Total,1AJU_DMA-194
-5.498312,-34.211452,Total,1AJU_DMA-195
10.062882,1.2222776,Total,1AJU_L-Lysine
10.133405,1.1292028,Total,1AJU_NG-Monomethyl_arginine
8.784982,0.5098098,Total,1AJU_agmatine
10.108236,0.9816419,Total,1AJU_l-arginine
22.149347,27.630476,Total,1AJU_l-citrulline
7.587248,-1.7048278,Total,1ARJ
29.580263,-10.58423,Total,1BYJ
23.862123,-11.965046,Strat,1BYJ_Gentamicin_c1
23.980156,-12.272584,Total,1BYJ_Gentamicin_c2
21.805222,-27.542883,Total,1DDY
-25.201088,-17.474148,Total,1DL8
-24.941465,-18.78423,Total,1DL8_Compound_1
-24.500656,-18.910198,Total,1DL8_Compound_10
-25.008455,-18.742428,Total,1DL8_Compound_11
-25.98268,-18.903332,Total,1DL8_Compound_12
-25.427582,-19.670465,Total,1DL8_Compound_3
-25.061838,-19.511889,Total,1DL8_Compound_4
6.598237,-43.083725,Total,1DL8_Compound_5
-41.261005,-1.2903796,Total,1DL8_Compound_7
-25.71235,-18.769543,Strat,1DL8_Compound_9
-32.042183,-18.454586,Total,1EEL
-30.707594,-19.79316,Total,1EEL_DB226
-6.1104894,23.866173,Total,1EHT
-7.887753,26.453024,Total,1EHT_cafffeine
21.79867,-27.55708,Total,1ET4
37.247257,-3.3678787,Total,1EVV_5_episisomicin
12.210713,-26.128777,Total,1EVV_Bisamidinium_2
-33.940865,-16.79372,Total,1EVV_CMC3-1_Hoechst33258
23.757837,22.009783,Total,1EVV_Delfinidin
36.67615,-4.233594,Total,1EVV_Hygromycin_B
23.498283,22.14267,Total,1EVV_Kaempferol
37.48085,-4.5997696,Total,1EVV_Kanamycin_A
38.50832,-2.568962,Total,1EVV_Kirromycin
37.81518,-5.872262,Total,1EVV_Lividomycin
14.941036,28.150959,Total,1EVV_Methidiumpropyl-EDTA(MPE)
38.027863,-5.3471384,Strat,1EVV_Neomycin
37.418354,-5.1442623,Total,1EVV_Paromomycin_mol_mol
15.702557,28.771444,Total,1EVV_Protoporphyrin_IX
23.559702,22.111698,Total,1EVV_Quercetin
-29.879965,-13.927214,Total,1EVV_T4MPyP
-29.825186,-14.202366,Total,1EVV_TMAP
38.83165,-3.972592,Total,1EVV_Tobramycin
37.443974,-4.5097795,Total,1EVV_ribostamycin
37.288578,-3.3936958,Total,1EVV_sisomicin
-29.68688,-0.5104789,Total,1F1T
-30.264442,0.29534167,Strat,1F1T_malachite_green
21.118488,27.153433,Total,1F27
-5.10516,7.0396967,Total,1FMN
-32.042343,-18.53824,Total,1FMQ
-31.506075,-19.30738,Total,1FMQ_Cyclopentyl
-31.972107,-18.093565,Total,1FMS
-37.924637,-18.691725,Total,1FTD
-33.92885,-20.597246,Total,1FTD_Compound_2
-33.655655,-22.181564,Total,1FTD_Compound_3
-34.56891,-19.348167,Total,1FTD_Hoechst 33258
29.190252,-11.416661,Strat,1FYP
50.070705,6.7193017,Total,1I9V
50.07644,4.0368342,Total,1J7T
35.293354,-10.192922,Total,1J7T_Apramycin
36.96144,-11.2526455,Total,1J7T_Butirosin
35.825813,-10.324452,Total,1J7T_Hygromycin_B
22.411383,-4.842023,Total,1J7T_Paromamine
36.063374,-11.444538,Total,1J7T_Streptomycin
-12.4102,30.728334,Total,1KOC
20.605528,27.481363,Strat,1KOD
-18.85355,39.6667,Total,1L1V
48.380898,4.8460813,Total,1LC4
-16.825825,-34.805584,Total,1LEJ
-2.0784066,-17.872509,Total,1LVJ
47.606815,4.4241753,Total,1MWL
27.358967,-29.631971,Total,1NEM
46.738415,3.254768,Strat,1NTA
-9.300894,-23.46814,Total,1NZM
6.7052383,-14.073988,Total,1P96
-29.025557,8.2085285,Total,"1PBR_1,3-bis(piperidin-1-ylmethyl)imidazolidine-2-thione"
-17.668966,-6.0985146,Total,"1PBR_1,4-bis((1H-indol-3-yl)methyl)piperazine"
-25.878347,0.5727724,Total,"1PBR_1-(2,4-dimethoxybenzyl)-4-methyl-1,4-diazepane"
-16.122746,-10.565507,Total,1PBR_1-(4-chlorobenzyl)-N-(2-morpholinoethyl)piperidine-4-carboxamide
-13.689789,0.74509203,Total,"1PBR_1H-1,3-benzodiazol-2-amine"
-18.764223,0.17306672,Total,"1PBR_2-((2,2,6,6-tetramethylpiperidin-4-ylamino)methyl)phenol"
-10.422854,-4.2534723,Total,1PBR_2-(hydroxymethyl)-5-(5-phenyl-4-(quinolin-3-yl)-1H-imidazol-2-yl)phenol
-19.37535,2.5263574,Total,"1PBR_2-N,2-N,4-trimethylquinoline-2,7-diamine"
-20.217562,3.5794365,Strat,"1PBR_2-N,2-N-dimethylquinoline-2,4-diamine"
-19.67744,-0.99100816,Total,1PBR_2-nitro-5-(piperazin-1-yl)-N-(2-(o-tolyloxy)ethyl)aniline
-14.8839445,-6.6970563,Total,1PBR_3-(1H-benzo[d]imidazol-2-yl)-6-ethyl-7-hydroxy-8-(morpholinomethyl)-4H-chromen-4-one
-16.667953,-5.7718077,Total,"1PBR_3-(3-(4-methylpiperazin-1-yl)propyl)-3H-pyrimido[5,4-b]indol-4(5H)-one"
-13.826064,-5.889159,Total,1PBR_3-(azepan-1-ylmethyl)-2-methylquinolin-4-ol
-13.075821,-7.4607615,Total,"1PBR_3-methyl-7-(2-(piperidin-1-yl)ethyl)-1H-purine-2,6(3H,7H)-dione"
-18.478834,2.0282362,Total,1PBR_3-quinolinecarboxamide
-12.193042,-10.374638,Total,"1PBR_4,6-bis(piperidin-1-ylmethyl)-2-p-tolylpyridin-3-ol"
-14.455237,1.0591162,Total,"1PBR_4,6-dimethyl-1H-1,3-benzodiazol-2-amine"
-12.155522,-10.498998,Total,"1PBR_4-(4,5-bis(azepan-1-ylmethyl)-1H-1,2,3-triazol-1-yl)-1,2,5-oxadiazol-3-amine"
-21.724976,2.960858,Strat,1PBR_4-(4-chlorophenyl)-N-(2-(pyrrolidin-1-yl)ethyl)phthalazin-1-amine
-10.608522,-6.4952006,Total,"1PBR_4-hydroxy-2-oxo-N-(3-(piperidin-1-yl)propyl)-1,2,3,4,5,6,7,8-octahydroquinoline-3-carboxamide"
-12.025493,-6.555812,Total,"1PBR_4-hydroxy-2-oxo-N-(3-(piperidin-1-yl)propyl)-1,2-dihydroquinoline-3-carboxamide"
-19.13419,3.0887272,Total,1PBR_4-methylquinolin-2-amine
-20.024418,0.65831286,Total,"1PBR_4-pyridineacetamide,_N-_[2-_(dimethylamino)-4-methyl-7-quinolinyl]"
-14.256428,0.9983112,Strat,"1PBR_5,6-dimethyl-1H-1,3-benzodiazol-2-amine"
-15.461772,0.52384967,Total,"1PBR_5,6-dimethyl-1H-1,3-benzodiazole"
-15.923661,-7.828084,Total,1PBR_5E1bromophenyl52piperazin1
-14.398979,0.4454253,Total,"1PBR_6,7-dimethyl-1H-1,3-benzodiazol-2-amine"
-24.48159,1.1339732,Strat,"1PBR_6-chloro-3-((4-methyl-1,4-diazepan-1-yl)methyl)-4H-chromen-4-one"
-24.37523,1.0463643,Total,"1PBR_6-methyl-3-((4-methyl-1,4-diazepan-1-yl)methyl)-4H-chromen-4-one"
-13.134681,-7.6756973,Total,"1PBR_7-(2-(azocan-1-yl)ethyl)-3-methyl-1H-purine-2,6(3H,7H)-dione"
-15.966334,-6.079492,Total,"1PBR_7-benzyl-3-methyl-8-(piperazin-1-yl)-1H-purine-2,6(3H,7H)-dione"
-21.933834,0.038345434,Total,1PBR_7-hydroxy-3-(2-methoxyphenyl)-8-(piperidin-1-ylmethyl)-4H-chromen-4-one
-16.611536,-5.0904803,Total,"1PBR_8-bromo-3-(2-(piperazin-1-yl)ethyl)-3H-pyrimido[5,4-b]indol-4(5H)-one"
-14.649586,-5.4080234,Total,"1PBR_8-methyl-3-(2-(pyrrolidin-1-yl)ethyl)-3H-pyrimido[5,4-b]indol-4(5H)-one"
-17.700348,1.8038137,Total,1PBR_ADMND-C2-NH2
13.190178,-8.883011,Total,1PBR_Acyclic_DOS_mimic_1_biphenyl_substituent
13.137531,-8.854083,Total,1PBR_Acyclic_DOS_mimic_2_naphthyl_substituent
13.549346,-8.667475,Total,1PBR_Acyclic_DOS_mimic_3_benzyl_substituent
29.37879,-21.90411,Total,1PBR_Aminoglycoside_derivative_1
28.682053,-21.00928,Strat,1PBR_Aminoglycoside_derivative_10
29.885288,-23.654507,Total,1PBR_Aminoglycoside_derivative_12
31.312592,-21.015207,Total,1PBR_Aminoglycoside_derivative_13
28.857574,-21.81516,Total,1PBR_Aminoglycoside_derivative_14
32.302353,-24.040585,Total,1PBR_Aminoglycoside_derivative_15
31.623718,-23.054672,Total,1PBR_Aminoglycoside_derivative_16
30.66677,-22.22749,Total,1PBR_Aminoglycoside_derivative_17
28.36552,-21.771927,Total,1PBR_Aminoglycoside_derivative_18
29.088228,-23.550993,Total,1PBR_Aminoglycoside_derivative_19
29.665127,-22.747734,Total,1PBR_Aminoglycoside_derivative_2
29.540394,-22.207159,Total,1PBR_Aminoglycoside_derivative_20
32.989487,-24.240473,Total,1PBR_Aminoglycoside_derivative_25
29.400434,-20.270395,Total,1PBR_Aminoglycoside_derivative_3
32.44424,-23.205582,Strat,1PBR_Aminoglycoside_derivative_33
29.46803,-19.80253,Total,1PBR_Aminoglycoside_derivative_4
28.725166,-18.17267,Total,1PBR_Aminoglycoside_derivative_6
27.248032,-21.612806,Strat,1PBR_Aminoglycoside_derivative_8
28.470226,-22.860344,Total,1PBR_Aminoglycoside_derivative_9
18.06562,-6.3100944,Total,1PBR_Azepane_aminoglycoside_mimic_1
17.633825,-6.6730404,Total,1PBR_Azepane_aminoglycoside_mimic_3
29.277359,-16.145893,Total,1PBR_Bekanamycin
-14.087149,-3.2022288,Total,1PBR_Benzimidazole_16S_A-site_RNA
25.965866,-23.052208,Total,1PBR_Bifunctional_aminoglycoside_derivative_1
26.689594,-24.239542,Total,1PBR_Bifunctional_aminoglycoside_derivative_2
35.373756,-28.186653,Total,1PBR_Bifunctional_aminoglycoside_derivative_3
35.135574,-27.471224,Total,1PBR_Bifunctional_aminoglycoside_derivative_4
35.283115,-28.104816,Total,1PBR_Bifunctional_aminoglycoside_derivative_5
34.05681,-27.970379,Total,1PBR_Bifunctional_aminoglycoside_derivative_6
35.264446,-27.738123,Total,1PBR_Bifunctional_aminoglycoside_derivative_7
3.0975358,10.198327,Total,1PBR_DIONE_DERIVATIVE
27.592308,-17.951096,Total,1PBR_Deoxy_fluoro_paromomycin
15.121295,-23.975733,Total,1PBR_Diamino_piperidinyl_triazine_1
14.424016,-24.131023,Total,1PBR_Diamino_piperidinyl_triazine_2
13.81968,-24.310587,Strat,1PBR_Diamino_piperidinyl_triazine_3
14.812546,-21.537523,Total,1PBR_Diamino_piperidinyl_triazine_4
14.773827,-21.738771,Total,1PBR_Diamino_piperidinyl_triazine_5
14.258219,-22.43648,Total,1PBR_Diamino_piperidinyl_triazine_6
14.604214,-22.911121,Total,1PBR_Diamino_piperidinyl_triazine_7
14.546383,-23.44847,Strat,1PBR_Diamino_piperidinyl_triazine_8
14.040185,-23.907736,Total,1PBR_Diamino_piperidinyl_triazine_9
22.595793,-21.648472,Total,1PBR_Edeine_mol
33.52938,-22.947155,Total,1PBR_Ether_paromomycin_derivative_1
32.258568,-19.50602,Total,1PBR_Ether_paromomycin_derivative_3
28.900494,-16.574612,Total,1PBR_Ether_paromomycin_derivative_4
30.264528,-18.701168,Total,1PBR_Ether_paromomycin_derivative_5
31.343765,-18.40641,Total,1PBR_Ethyl_paromomycin_derivative_2
-17.910728,-3.2183986,Total,1PBR_Halogen_substituted_benzimidazole
10.373551,-5.9600515,Total,1PBR_Heterocyclic_paromomycin_derivative_1
13.1745615,-4.262121,Total,1PBR_Heterocyclic_paromomycin_derivative_2
12.108687,-5.1364045,Total,1PBR_Heterocyclic_paromomycin_derivative_3
11.901811,-5.231685,Total,1PBR_Heterocyclic_paromomycin_derivative_4
18.704243,-4.7086077,Strat,1PBR_Kasugamycin
-20.959843,-0.29668275,Total,1PBR_Ligand1_16S_A-site_RNA
-11.544034,-6.490671,Total,1PBR_Ligand2_16S_A-site_RNA
-23.14219,3.5337083,Total,1PBR_Ligand3_16S_A-site_RNA
-20.643946,2.492548,Total,1PBR_Ligand5_16S_A-site_RNA
-20.050646,3.386104,Total,"1PBR_N,4-dimethylquinolin-2-amine"
-19.200232,2.9303534,Total,"1PBR_N,N,4-trimethylquinolin-2-amine"
-20.08876,4.9586635,Total,"1PBR_N,N-dimethylquinolin-2-amine"
-16.110872,-10.571316,Total,1PBR_N-(2-morpholinoethyl)-1-(naphthalen-1-ylmethyl)piperidine-4-carboxamide
-21.095024,-3.0193353,Total,1PBR_N-(4-bromo-3-methylphenyl)-3-(4-ethylpiperazin-1-yl)propanamide
-18.923908,3.6226952,Total,1PBR_N-methylquinolin-2-amine
-21.946253,1.3131298,Strat,"1PBR_N1-(3,7-dimethoxynaphthalen-1-yl)pentane-1,4-diamine"
-20.62634,-1.2204412,Total,1PBR_N1-isopropyl-N2-(2-(4-(4-methylbenzoyl)piperazin-1-yl)ethyl)oxalamide
16.847084,-8.678194,Total,1PBR_Neamine
24.216959,-19.711948,Total,1PBR_Neamine_derivative_1
13.175378,-3.406207,Total,1PBR_Neamine_derivative_14
9.503544,-42.361996,Total,1PBR_Neamine_derivative_15
11.161879,-4.3309193,Total,1PBR_Neamine_derivative_18
12.32279,-4.071327,Total,1PBR_Neamine_derivative_19
24.180872,-19.848335,Total,1PBR_Neamine_derivative_2
9.188304,-42.946587,Total,1PBR_Neamine_derivative_20
5.253587,8.865587,Total,1PBR_Neamine_derivative_26
5.316897,8.82377,Total,1PBR_Neamine_derivative_27
13.940786,-3.1499848,Total,1PBR_Neamine_derivative_28
9.429852,-42.622402,Total,1PBR_Neamine_derivative_29
24.485607,-19.139118,Total,1PBR_Neamine_derivative_3
9.343295,-42.503223,Total,1PBR_Neamine_derivative_30
23.464403,-16.048826,Total,1PBR_Neamine_derivative_4
24.422453,-20.675398,Total,1PBR_Neamine_derivative_5
23.601019,-22.04725,Total,1PBR_Neamine_derivative_6
23.627378,-21.943375,Total,1PBR_Neamine_derivative_7
20.229158,-7.24988,Strat,1PBR_Neamine_mimic_1
20.478376,-8.22667,Total,1PBR_Neamine_mimic_2
19.057045,-8.481984,Total,1PBR_Neamine_mimic_3
19.119307,-8.269681,Total,1PBR_Neamine_mimic_4
19.950209,-8.125753,Total,1PBR_Neamine_mimic_5
19.715769,-7.3545117,Total,1PBR_Neamine_mimic_6
22.040152,-9.639401,Total,1PBR_Neamine_mimic_7
21.274052,-8.643103,Total,1PBR_Neamine_mimic_8
21.76798,-9.403807,Total,1PBR_Neamine_mimic_9
29.370367,-17.512873,Total,1PBR_Neomycin
-13.272154,-3.8665514,Strat,1PBR_Nitro_substituted_benzimidazole_16S_A-site_RNA
23.248571,27.06252,Total,1PBR_Pactamycin
29.733784,-17.196766,Total,1PBR_Paromomycin
30.801336,-16.692526,Total,1PBR_Perazidoparomomycin_derivative_1
32.21725,-22.418507,Total,1PBR_Perazidoparomomycin_derivative_10
34.630863,-23.934525,Total,1PBR_Perazidoparomomycin_derivative_11
33.30039,-21.808565,Total,1PBR_Perazidoparomomycin_derivative_12
32.09991,-21.362429,Total,1PBR_Perazidoparomomycin_derivative_13
33.902832,-18.68845,Total,1PBR_Perazidoparomomycin_derivative_14
27.590897,-19.73404,Total,1PBR_Perazidoparomomycin_derivative_15
32.31427,-22.444016,Total,1PBR_Perazidoparomomycin_derivative_16
13.213478,-41.58688,Total,1PBR_Perazidoparomomycin_derivative_17
33.231224,-18.649796,Total,1PBR_Perazidoparomomycin_derivative_18
35.0292,-20.676132,Total,1PBR_Perazidoparomomycin_derivative_19
30.845228,-20.234163,Total,1PBR_Perazidoparomomycin_derivative_2
33.071392,-20.231682,Total,1PBR_Perazidoparomomycin_derivative_20
13.198763,-41.588696,Total,1PBR_Perazidoparomomycin_derivative_21
30.897577,-24.028349,Strat,1PBR_Perazidoparomomycin_derivative_22
34.84792,-20.786507,Total,1PBR_Perazidoparomomycin_derivative_23
30.247532,-21.296738,Total,1PBR_Perazidoparomomycin_derivative_26
29.70096,-20.85754,Total,1PBR_Perazidoparomomycin_derivative_27
32.257862,-16.806042,Strat,1PBR_Perazidoparomomycin_derivative_3
37.823376,-22.354298,Total,1PBR_Perazidoparomomycin_derivative_4
30.528738,-17.814863,Total,1PBR_Perazidoparomomycin_derivative_5
30.39429,-20.088821,Total,1PBR_Perazidoparomomycin_derivative_6
30.723047,-19.390995,Total,1PBR_Perazidoparomomycin_derivative_8
37.829205,-22.344341,Total,1PBR_Perazidoparomomycin_derivative_9
16.419662,-6.8819733,Total,1PBR_Piperidine_aminoglycoside_16S__A_site_RNA_mimic_1
17.040178,-6.1538134,Total,1PBR_Piperidine_aminoglycoside_16S__A_site_RNA_mimic_2
15.812451,-7.7039843,Total,1PBR_Piperidine_aminoglycoside_16S__A_site_RNA_mimic_3
16.146816,-7.760416,Total,1PBR_Piperidine_aminoglycoside_16S__A_site_RNA_mimic_4
16.289745,-8.3253,Total,1PBR_Piperidine_aminoglycoside_16S__A_site_RNA_mimic_5
10.966549,-43.18368,Total,1PBR_Quinolinyl_DOS_der
12.08842,-42.695187,Total,1PBR_Quinolinyl_DOS_paromomycin_der_1
11.467143,-43.232475,Total,1PBR_Quinolinyl_DOS_paromomycin_der_2
11.515828,-43.36203,Total,1PBR_Quinolinyl_DOS_paromomycin_der_3
16.785624,-5.029612,Total,1PBR_Spiro-compound_4
16.250813,-5.0652943,Strat,1PBR_Spiro-compound_5
14.787201,-5.6094594,Total,1PBR_Spiro-compound_6
14.468802,-6.072479,Total,1PBR_Spiro-compound_7
14.183458,-4.763498,Total,1PBR_Spiro-ether_compound_1
8.508527,-20.573584,Total,1PBR_Spiro-ether_compound_10
13.472486,-5.611552,Total,1PBR_Spiro-ether_compound_2
14.498046,-4.349389,Strat,1PBR_Spiro-ether_compound_3
14.434075,-4.6145687,Total,1PBR_Spiro-ether_compound_4
15.628198,-3.5984805,Total,1PBR_Spiro-ether_compound_5
15.056041,-4.54542,Total,1PBR_Spiro-ether_compound_6
16.569857,-3.3414662,Total,1PBR_Spiro-ether_compound_7
22.498493,27.542585,Total,1PBR_Spiro-ether_compound_8
35.02422,-17.924572,Total,1PBR_Tobramycin
29.588497,-14.963372,Total,1PBR_apramycin
-12.240634,-3.9135673,Total,1PBR_benzimidazole_analog_rRNA_1
-13.171647,-4.704904,Total,1PBR_benzimidazole_analog_rRNA_11
-13.44901,-4.4514546,Strat,1PBR_benzimidazole_analog_rRNA_12
-15.463196,-1.5214815,Total,1PBR_benzimidazole_analog_rRNA_13
-15.619404,-2.591127,Total,1PBR_benzimidazole_analog_rRNA_14
-16.75915,-3.4628732,Total,1PBR_benzimidazole_analog_rRNA_15
-16.877594,-3.0670962,Total,1PBR_benzimidazole_analog_rRNA_16
8.20397,-42.86403,Total,1PBR_benzimidazole_analog_rRNA_17
-16.88508,-2.9838784,Total,1PBR_benzimidazole_analog_rRNA_18
-15.398335,-1.7541553,Total,1PBR_benzimidazole_analog_rRNA_2
-14.49999,-1.2950913,Total,1PBR_benzimidazole_analog_rRNA_21
-14.989089,-2.92522,Total,1PBR_benzimidazole_analog_rRNA_22
-14.592701,-1.8984451,Total,1PBR_benzimidazole_analog_rRNA_23
-18.485308,4.3873835,Total,1PBR_benzimidazole_analog_rRNA_24
8.778231,-45.252136,Strat,1PBR_benzimidazole_analog_rRNA_25
9.809859,-45.6647,Strat,1PBR_benzimidazole_analog_rRNA_26
9.200886,-46.78118,Total,1PBR_benzimidazole_analog_rRNA_27
9.4817,-46.27807,Total,1PBR_benzimidazole_analog_rRNA_28
-37.211002,7.3370986,Total,1PBR_benzimidazole_analog_rRNA_29
-39.10674,5.865193,Total,1PBR_benzimidazole_analog_rRNA_3
-39.113037,6.0564556,Total,1PBR_benzimidazole_analog_rRNA_30
-36.104553,9.275714,Strat,1PBR_benzimidazole_analog_rRNA_31
-36.57259,9.233121,Total,1PBR_benzimidazole_analog_rRNA_32
-36.187416,8.651211,Total,1PBR_benzimidazole_analog_rRNA_33
-35.587574,8.018919,Total,1PBR_benzimidazole_analog_rRNA_34
-36.37678,7.3767195,Total,1PBR_benzimidazole_analog_rRNA_35
-36.2793,6.601784,Total,1PBR_benzimidazole_analog_rRNA_36
-35.683784,7.2869825,Total,1PBR_benzimidazole_analog_rRNA_37
-35.778687,6.3762045,Total,1PBR_benzimidazole_analog_rRNA_38
-39.253815,5.5081005,Total,1PBR_benzimidazole_analog_rRNA_39
-11.222751,-3.682062,Total,1PBR_benzimidazole_analog_rRNA_4
-36.69822,8.514818,Total,1PBR_benzimidazole_analog_rRNA_40
-37.396664,9.010028,Strat,1PBR_benzimidazole_analog_rRNA_41
-36.49287,6.8220224,Total,1PBR_benzimidazole_analog_rRNA_44
-41.252064,-1.2665505,Total,1PBR_benzimidazole_analog_rRNA_45
-39.366455,6.2229605,Total,1PBR_benzimidazole_analog_rRNA_46
-12.910584,-1.807588,Total,1PBR_benzimidazole_analog_rRNA_5
-12.452443,-1.809157,Strat,1PBR_benzimidazole_analog_rRNA_6
-12.633362,-2.9587677,Total,1PBR_benzimidazole_analog_rRNA_7
-12.363678,-2.2440014,Total,1PBR_benzimidazole_analog_rRNA_8
-12.119567,-4.019014,Total,1PBR_benzimidazole_analog_rRNA_9
-22.976755,5.127512,Total,1PBR_benzodiazolyl_methyl_sulfanylmethanimidamide
-21.997843,4.4864006,Total,1PBR_biphenyl_derivative
-12.353821,-6.039424,Total,1PBR_dihydroquinoline-3-carboxamide_derivative
-20.321995,0.2657917,Total,1PBR_dimethylamino_quinolinyl_pyridinyl_acetamide
-17.348053,3.2966404,Total,1PBR_methylpyridine_der_1
-17.460669,3.0875585,Total,1PBR_methylpyridine_der_2
-17.398434,2.4080732,Strat,1PBR_methylpyridine_der_3
-16.494951,3.5749457,Total,1PBR_methylpyridine_der_4
-15.699,3.0784478,Strat,1PBR_methylpyridine_der_5
-17.031837,3.6564636,Total,1PBR_methylpyridine_der_6
-16.814543,2.815248,Total,1PBR_methylpyridine_der_7
28.027184,-17.209522,Total,"1PBR_pyran-3,4-diol_derivative"
11.543939,-12.669485,Total,1PBR_tetraene_mol
-17.029,-34.71247,Total,1PQQ
-2.2394106,-18.638329,Total,1Q8N
29.057816,-11.446408,Total,1QD3
27.342524,-14.90851,Total,1QD3_Neomycin_B
26.891033,-14.361767,Total,1QD3_Streptomycin
24.341373,-13.409841,Total,1QD3_gentamicin_mol
6.8104386,-27.34432,Total,1QMS
-36.811115,-18.316362,Total,1QV4
-34.604954,-18.305391,Total,1QV4_Hoechst_33258
-34.921936,-19.007448,Total,1QV4_Hoechst_33342
-36.92916,-18.35874,Total,1QV8
6.6634016,-14.044274,Total,1R4E
21.739876,4.199495,Total,1RAW
27.89153,-9.923981,Total,1TOB
1.091822,-25.09264,Total,1UTS
0.39421222,-20.809809,Total,1UUD
0.38630342,-20.940443,Total,1UUI
-28.255646,5.3713813,Total,1UUI_10-(3-(dimethylamino)propyl)-10H-phenothiazin-4-ol
-32.168354,5.3530073,Total,1UUI_2-chloro-10-[2-(2-methylpyrrolidin-1-yl)ethyl]_phenothiazine_der
-32.224728,5.2699614,Total,1UUI_2-chloro-10-methylpyrrolidin_phenothiazine_der
-32.91591,6.609832,Total,1UUI_2-chloro-10-pyrrolidin_phenothiazine_der
-31.444914,5.556248,Total,"1UUI_3-(2-chloro-10H-phenothiazin-10-yl)-N,N-dimethylpropan-1-amine"
-29.998915,4.631282,Total,"1UUI_3-(2-methoxy-10H-phenothiazin-10-yl)-N,N-dimethylpropan-1-amine"
-30.766708,4.642996,Total,"1UUI_3-(3,7-dimethyl-10H-phenothiazin-10-yl)-N,N-dimethylpropan-1-amine"
-29.580015,4.3726296,Total,"1UUI_3-(4-methoxy-10H-phenothiazin-10-yl)-N,N-dimethylpropan-1-amine"
-25.90665,4.0744076,Total,1UUI_3_phenothiazine_analog_1
-25.452328,5.1590157,Total,1UUI_3_phenothiazine_analog_2
-31.554052,7.7332664,Total,1UUI_3_phenothiazine_analog_3
-28.107447,4.056986,Total,1UUI_Acetylpromazine
25.821602,-16.932188,Strat,1UUI_Amikacin
9.276078,-0.031093698,Total,1UUI_Argininamide
-34.372307,4.6294537,Total,1UUI_Bis-3-chloropiperidine_2
-38.2018,4.572683,Total,1UUI_Bis-3-chloropiperidine_5
25.754932,-16.894888,Total,1UUI_Butirosin
10.699178,-1.4684337,Total,1UUI_CMC2_tetraaminoquinozaline
-7.2786355,-28.798412,Total,1UUI_CMC3-2_Hoechst33258
-7.2999654,-28.967085,Total,1UUI_CMC3_Hoechst33258
14.568169,-17.144295,Total,1UUI_Compound_3aa
14.510356,-17.066126,Total,1UUI_Compound_3ab
14.694392,-17.297033,Total,1UUI_Compound_3cb
-8.192143,-31.930088,Total,1UUI_DB60
-9.596496,-34.44244,Strat,1UUI_DB75
-7.301625,-33.804783,Total,1UUI_DMA-169
-7.065035,-32.84385,Total,1UUI_DMA-177
-6.8179784,-33.30884,Total,1UUI_DMA-179
-7.961213,-34.199398,Total,1UUI_DMA-187
-7.098103,-34.802372,Total,1UUI_DMA-188
-6.4882045,-33.509045,Total,1UUI_DMA-191
-6.053977,-32.717583,Total,1UUI_DMA-193
-8.395504,-33.51564,Total,1UUI_DMA-205
1.7678403,-16.537518,Total,1UUI_Mitoxantrone
-30.505928,6.3027706,Total,"1UUI_N,N-dimethyl-3-(10H-phenothiazin-10-yl)propan-1-amine"
7.202853,-44.88156,Total,"1UUI_N,N-dimethyl-3-(2-(trifluoromethyl)-10H-phenothiazin-10-yl)propan-1-amine"
-30.758087,4.675477,Strat,"1UUI_N,N-dimethyl-3-(3-methyl-10H-phenothiazin-10-yl)propan-1-amine"
-14.508377,23.32127,Total,1UUI_N_N_dimethyl_amiloride
27.487795,-16.478197,Total,1UUI_Neomycin
-23.276892,-1.5580161,Total,1UUI_Quinacridone
10.695305,-1.4627092,Total,1UUI_Quinoxaline_3
-8.857509,-37.81038,Total,1UUI_S-Amino_acid_conjugate_13b
-8.853781,-37.837456,Total,1UUI_S-Amino_acid_conjugate_14b
-8.798649,-35.39956,Total,1UUI_S-Amino_acid_conjugate_1b
-40.318478,4.673958,Total,1UUI_SMN2_compound_6
8.601272,-43.528133,Total,1UUI_ST4133609
-32.116486,3.4424849,Total,1UUI_Thiethylperazine
6.950602,-44.93786,Total,1UUI_Trifluoperazine
1.570682,-13.949305,Total,1UUI_Usnic_acid
-14.030508,-13.47639,Total,1UUI_WM5
-7.481724,9.099761,Strat,1UUI_Xanthinol
-7.4697776,-7.7166815,Total,1UUI_Yohimbine
-33.03618,6.907954,Total,1UUI_benzyl_phenothiazin_der
-32.16633,4.4195538,Total,1UUI_chloro_methylpiperazinyl_propyl_phenothiazine_der
-32.742344,5.0215316,Strat,1UUI_chloro_piperidine_propyl_der
-31.056473,7.150658,Total,1UUI_choro_imidazole_phenothiazine_der
-7.0288363,-8.064557,Total,1UUI_cpd25
-28.449453,5.4129596,Strat,1UUI_dimethylamino_propyl_phenothiazin_der_2
-26.59368,3.4112954,Total,1UUI_hydroxymethyl_piperidinyl_butyl
-26.83754,2.9972496,Total,1UUI_hydroxymethyl_piperidinyl_pentyl
-26.447231,3.7011802,Strat,1UUI_hydroxymethyl_piperidinyl_propyl
-27.653543,3.1316166,Total,1UUI_methoxypiperidin_butyl_der
23.47024,-12.825386,Total,1UUI_netilmicin
23.456177,-13.117338,Total,1UUI_sisomicin
-14.120846,-23.900545,Total,1X26
-3.6915944,36.867085,Strat,1Y26
-6.300738,32.197113,Total,1Y27
-0.89158696,29.490347,Total,"1Y27_2,6-diaminopurine"
-2.4624484,31.207022,Strat,1Y27_purine
48.201393,3.9171188,Total,1YRJ
-35.550823,-30.237476,Total,1ZTT
49.87567,5.800939,Total,1ZZ5
39.595516,-10.746169,Total,1ZZ5_paromomycin
-18.610865,39.092186,Total,209D
22.450638,-33.42024,Total,209D_AMD
4.3710933,-3.7667384,Total,209D_D-MeVal-AMD
-36.105133,-24.375683,Total,227D
50.8201,5.9812374,Total,2A04
6.3548875,-1.4379368,Total,2ARG
27.60372,8.434306,Total,2AU4
-36.31275,-23.25904,Total,2B0K
-33.40444,-22.279203,Total,2B0K_DB911
-4.2154994,36.427155,Total,2B57
-2.3442972,30.811554,Total,2B57_2-Aminopurine
-3.9220269,27.99829,Strat,2B57_7-Deazaguanine
-1.9370843,30.790741,Total,2B57_Adenine
-3.000307,27.68117,Total,2B57_Guanine
-3.1367164,28.314512,Total,2B57_Hypoxanthine
50.123413,2.5019376,Total,2BE0
50.29658,1.9385029,Total,2BEE
38.84923,-12.317899,Total,2BEE_compound_8
38.10532,-11.6663,Total,2BEE_paromomycin
25.254288,12.839061,Total,2CKY
-5.160124,32.473793,Total,2EES
48.71821,5.0446196,Total,2ESI
50.62412,3.816922,Strat,2ESJ
47.211567,4.8475757,Total,2ET3
50.101906,4.486501,Total,2ET4
49.232887,4.570217,Total,2ET5
47.817795,5.8299103,Total,2ET8
48.210735,2.203439,Strat,2F4T
48.40468,2.1518948,Total,2F4U
47.809162,6.4303718,Total,2FCX
51.586567,4.3950644,Total,2FCY
52.178123,4.807007,Total,2FCZ
51.28005,3.6087143,Total,2FD0
48.672325,3.7885928,Total,2G5K
22.78507,-4.7710657,Total,2G5K_Paromamine
-4.6681886,34.438427,Total,2G9C
0.29427812,30.288424,Total,"2G9C_2,4,5,6-tetraaminopyrimidine"
0.8408471,31.056965,Total,"2G9C_2,4,6-triamino-1,3,5-triazine"
-3.4907892,29.207222,Total,"2G9C_2,4-diaminopyrimidine"
25.567148,12.237267,Strat,2GDI
0.33153743,44.764587,Total,2GIS
15.341751,4.593496,Total,2GIS_S-adenosyl_methionine
15.434872,4.662231,Total,2GIS_SAM
-37.049904,-21.283146,Total,2GYX
-32.110363,-22.375484,Strat,2GYX_DB262
-30.192644,-20.114384,Total,2GYX_DB613
31.164806,17.87066,Total,2HOJ
24.89851,12.845783,Total,2HOK
-3.6254392,3.1165164,Total,2HOL
24.361687,12.966714,Total,2HOM
10.649284,5.6198,Total,2HOM_N6-1-Iminoethyl-L-lysine
8.847039,-19.022528,Total,2HOM_methyl_N-(4-acetylphenyl)carbamate_derivative
8.932647,-18.823122,Total,2HOM_phenylacetate_derivative
22.028172,12.72756,Total,2HOO
-11.343043,-0.14192158,Strat,2HOP
-16.616194,-31.820585,Total,2JT7
-16.37111,-25.0503,Total,2JWQ
-19.267504,-26.039555,Total,2JWQ_Compound_11
-19.934004,-25.751534,Total,2JWQ_Compound_12
-20.014874,-26.501188,Total,2JWQ_Compound_13
-19.117876,-25.634098,Total,2JWQ_Compound_18
-34.444855,-2.8971865,Total,2JWQ_Compound_19
-34.742393,-2.8576603,Total,2JWQ_Compound_20
-20.324984,-25.750586,Total,2JWQ_compound_15
-19.185751,-26.397991,Total,2JWQ_compound_6
-20.293987,-25.276693,Total,2JWQ_compound_7
-20.689955,-27.082785,Total,2JWQ_compound_9
4.3688765,-20.187887,Total,2K4L
0.57606727,-7.9481597,Strat,2K4L_Genistein
0.656256,-8.282291,Total,2K4L_Luteolin
0.80498505,-8.310006,Total,2K4L_Quercetin
3.2510896,-8.827945,Total,2K4L_Rutin
2.5080028,-8.463381,Total,2K4L_sibiromycin
0.18270005,-18.296371,Total,2KGP
1.7566615,-24.214273,Total,2KTZ
1.738919,-24.22231,Total,2KU0
-16.640335,-31.816961,Total,2KVY
7.334045,-0.7142225,Total,2KX8
-3.7812169,22.35489,Total,2L1V
0.089718916,-19.889523,Total,2L94
4.717213,-1.0213503,Total,2LOA
-2.8646247,-4.866597,Strat,2LWK
30.895638,-8.420548,Total,2M4Q
-15.194972,-25.68433,Total,2MB3
-33.307014,-8.998781,Total,2MB3_telomestatin
-6.702527,-20.606794,Total,2MG8
-3.797672,22.803955,Total,2MIY
-14.335537,-32.88845,Total,2MND
-14.323236,-31.602798,Total,2MNE_thiazotrop-sin_B
3.5326123,-7.270644,Total,2MS6
-0.064127,-7.8894467,Total,2MS6_Genistein
0.11781871,-8.23639,Total,2MS6_Luteolin
3.4308705,-8.732435,Total,2MS6_Rutin
27.220829,-29.766914,Total,2MXS
27.083714,-29.888212,Total,2N0J
5.6524234,-14.9631195,Total,2N96
24.655584,17.41088,Strat,2NZ4
49.49025,5.2791157,Strat,2O3V
50.43326,5.25651,Total,2O3W
48.68601,5.6897407,Total,2O3X
7.026477,-14.541434,Total,2OEY
7.859951,-9.341064,Total,2OEY_NCSi-gb
51.33273,1.4114254,Total,2PWT
42.24671,-14.211603,Total,2PWT_aminoglycoside_2
42.336792,-14.113912,Total,2PWT_aminoglycoside_3
1.491437,44.839626,Total,2QWY
27.87053,-9.938698,Total,2TOB
-4.5419474,36.79495,Strat,2XNW
-0.86111677,32.232483,Total,2XNW_compund_28
-4.6227455,34.144558,Total,2XNZ
-3.754816,34.19646,Total,2XO0
-2.5707026,36.73934,Total,2XO1
-18.64937,39.069916,Strat,316D
22.44457,-33.425842,Total,316D_AMD
-34.221516,-30.656841,Total,365D
-32.41629,-13.657784,Total,3CE5
13.292726,15.187849,Total,3D0U
15.098853,14.175048,Total,3DIG
14.290141,14.9320345,Total,3DIR
13.921165,14.983304,Total,3DIX
14.932471,15.142981,Total,3DJ0
5.474735,22.790216,Total,3DS7
1.2339797,45.264786,Strat,3E5C
17.468708,12.026506,Total,3E5E
-2.534575,2.3565683,Total,3E5F
8.712772,-13.4084835,Total,3EGZ
-4.1474204,9.674391,Total,3F2Q
-4.6977572,9.616963,Total,3F4G
-4.9635115,9.463631,Total,3F4H
-2.9004242,36.122276,Total,3FO4
-1.1938655,28.138239,Total,3FO4_6-bromoguanine
-1.7257313,29.959146,Total,3FO4_6-methylaminopurine
-3.8000002,36.09798,Strat,3FO6
-7.83304,30.281546,Total,3FU2
-4.2629433,37.147602,Total,3G4M
-6.023933,36.091312,Total,3GAO
-10.055476,30.764301,Total,3GCA
-5.108015,36.184933,Total,3GOT
30.446453,9.305678,Total,3IRW
-6.4453254,-9.172772,Total,3JQ4
-7.861346,30.401533,Total,3K1V
24.817034,17.471508,Total,3L3C
-7.2300735,36.23214,Total,3LA5
-5.7301307,25.79753,Total,3LA5_ligand_3
29.985012,13.605303,Strat,3M8R
29.933743,13.649336,Total,3M8S
30.596884,9.535809,Total,3MUM
30.84084,8.630309,Strat,3MUV
17.439976,12.056677,Total,3NPN
17.425123,11.958443,Total,3NPQ
0.1364982,4.583641,Total,3NPQ_ATP
3.6740615,15.913919,Total,3NPQ_Adenine
14.3539,5.4379907,Total,3NPQ_SAM
13.901558,5.5436473,Total,3NPQ_adenosine
30.58906,12.820941,Total,3OJS
2.0730615,1.67504,Total,3OJS_DTTP
-8.69603,33.825336,Total,3OWI
30.801792,10.177947,Total,3Q3Z
-9.978353,31.068686,Total,3Q50
-38.24255,-10.834854,Strat,3QSC
-38.24255,-10.837424,Total,3QSF
50.49639,2.2815092,Total,3S4P
40.587864,-12.630843,Total,3S4P_14
38.02267,-13.20037,Total,3S4P_16
39.785328,-13.441101,Total,3S4P_17
38.355938,-13.732017,Total,3S4P_19
39.049652,-14.433372,Total,3S4P_20
37.424976,-13.176172,Total,3S4P_23
40.08725,-14.037108,Total,3S4P_24
39.62047,-14.728172,Total,3S4P_25
40.2707,-16.094732,Strat,3S4P_26
37.014065,-27.443302,Total,3S4P_28
37.224533,-14.484744,Total,3S4P_29
38.556076,-15.3920965,Total,3S4P_33
38.81453,-13.316362,Total,3S4P_38
-28.942726,-33.86,Total,3SC8
-27.874325,-33.3766,Total,3SC8_BMSG-SH-2
3.492375,20.15468,Total,3SD3
4.592674,23.075764,Total,3SKI
5.5245085,22.68909,Total,3SKL
23.920675,14.765946,Total,3SLM
3.3695273,18.905708,Total,3SUH
4.8406754,19.348131,Total,3SUX
-29.060448,-33.89956,Strat,3T5E
-20.176058,14.294179,Total,3TZR
40.402092,-8.885243,Total,3TZR_Compd_32
41.843544,-9.142061,Total,3TZR_Compd_33
42.844646,-9.985526,Total,3TZR_Compd_34
39.919495,-8.850819,Total,3TZR_Compd_35
42.92367,-11.388501,Total,3TZR_Compd_36
40.880116,-11.064427,Strat,3TZR_Compd_37
41.39347,-11.167593,Total,3TZR_Compd_38
42.221226,-10.752321,Total,3TZR_Compd_39
42.02908,-10.335471,Total,3TZR_Compd_40
40.93061,-10.061455,Total,3TZR_Compd_41
43.0688,-9.134065,Total,3TZR_Compd_42
41.62736,-9.72891,Total,3TZR_Compd_43
-10.5459385,-35.161995,Total,3TZR_IRAB
40.857746,-10.537862,Total,3TZR_Neomycin_B
41.728756,-7.484156,Total,3TZR_Tobramycin
38.897747,-8.312281,Total,3TZR_sisomicin
-37.23483,-16.52521,Total,3U05
-35.422813,-22.9895,Total,3U08
-33.145493,-21.825787,Strat,3U08_DB1944
-35.96699,-22.674614,Total,3U0U
-27.313576,-35.79751,Total,3UYH
-26.987818,-32.973747,Total,3UYH_3a
-26.90211,-32.80959,Total,3UYH_3b
-27.027254,-33.070007,Total,3UYH_3c
-27.194973,-32.61603,Total,3UYH_3e
-26.592257,-35.761765,Total,3UYH_3f
-26.585413,-35.665245,Total,3UYH_3g
-26.543829,-35.629047,Total,3UYH_3h
2.8662796,43.886616,Total,3V7E
-18.491837,-18.622736,Strat,454D
13.04637,15.021911,Total,4ERJ
10.409493,10.363033,Total,4ERJ_Lysinamide
12.020424,10.278432,Total,4ERJ_Lysine
9.706969,12.198134,Total,4ERJ_Methyl-ester_lysine
11.257621,10.416036,Total,4ERJ_N-ε-acetyl_lysine
11.832996,10.845781,Total,4ERJ_N-ε-formyl_lysine
11.584846,11.106158,Total,4ERJ_N-ε-iminoethyl_lysine
11.786644,10.501361,Total,4ERJ_N-ε-methyl_lysine
9.716904,12.200668,Total,4ERJ_ethyl-ester_lysine
11.223785,10.07609,Total,4ERJ_lysine-glycine
5.312715,33.189953,Total,4FE5_2-Amino-N6-Hydroxyadenine
-3.468279,28.157942,Total,4FE5_Hypoxanthine
17.296219,-30.515694,Total,4FRG
17.299551,-30.51549,Total,4FRN
-34.93431,-10.5838785,Strat,4FXM
-34.934437,-10.568015,Total,4G0F
21.677528,-27.754452,Total,4GMA
17.307835,-30.51603,Strat,4GXY
-18.604269,39.71205,Total,4HIV
-6.7315435,31.345263,Total,4JF2
31.048828,-8.96391,Total,4K31
36.864918,-9.804233,Total,4K31_Apramycin
36.296253,-9.587825,Total,4K31_G418
39.14759,-12.100294,Strat,4K31_Paromomycin
30.157183,-10.225064,Total,4K32
0.9397398,44.872284,Total,4KQY
15.803116,4.418541,Total,4KQY_S-adenosyl_methionine
17.120972,7.189857,Total,4KQY_SAC
17.143234,7.036432,Total,4KQY_SAH
16.726683,21.042551,Total,4KZD
0.1474559,44.708145,Total,4L81
3.3160486,20.017094,Total,4LVV
-11.863703,28.823221,Total,4LVW
4.7551937,19.357603,Strat,4LVX
0.43479964,15.863302,Total,4LVY
-5.080184,38.769123,Total,4LVZ
-2.7169292,29.78477,Total,4LVZ_2-aminopurine
-12.163875,29.524881,Total,"4LVZ_6,7-dimethyl-tetrahydrobiopterin"
-0.0073551037,28.853558,Total,"4LVZ_6-hydroxy-2,4,5-triaminopyrimidine"
12.101558,29.053436,Total,4LVZ_6R-tetrahydrofolate
12.537679,29.584158,Total,4LVZ_6S-tetrahydrofolate
-12.157561,28.352272,Total,4LVZ_8-aminoadenine
13.159381,29.343351,Total,4LVZ_Lometrexol
12.482175,29.642511,Total,4LVZ_dihydrofolate
-5.0562725,38.856754,Total,4LW0
-5.7799983,33.42436,Total,4LX5
-5.8939366,36.362278,Total,4LX6
5.3851304,10.62599,Total,4NYA
-21.555515,12.114543,Total,4NYB
-21.677652,12.251339,Total,4NYC
-10.528365,32.258537,Total,4NYD
-11.080367,-0.11269009,Total,4NYG
-11.990036,14.267095,Total,4Q9Q
-12.760965,14.926798,Total,4Q9Q_BI
-11.666873,15.997734,Total,4Q9Q_DFHBI
-12.52696,15.53316,Strat,4Q9Q_FBI
-12.932027,15.164443,Total,4Q9Q_HBI
-12.435313,15.720212,Total,4Q9Q_MFHBI
-12.84751,14.577721,Total,4Q9Q_MeOBI
-16.788403,-15.747552,Total,4QIO
30.581429,7.9267273,Total,4QK8
28.710358,7.018172,Total,4QK9
29.365461,7.1483626,Total,4QKA
29.062866,6.8604417,Total,4QLM
28.821093,7.042679,Total,4QLN
15.825077,21.272722,Total,4RUM
-3.6729925,23.179146,Total,4RZD
-11.690984,17.014654,Total,4TS0
-18.741331,-3.5869167,Strat,4TS2_DBrHBI
-38.18297,-20.878359,Total,4U8A
-23.217054,25.222485,Total,4U8A_cmpnd_11
-31.05527,-24.50884,Total,4U8A_cmpnd_12
-32.049374,-25.23525,Total,4U8A_cmpnd_13
-30.89753,-23.758402,Total,4U8A_cmpnd_14
-35.87262,-16.689785,Total,4U8A_cmpnd_15
-32.61984,-24.925058,Total,4U8A_cmpnd_16
-32.233524,-25.225828,Total,4U8A_cmpnd_17
-34.267563,9.265101,Total,4U8A_cmpnd_18
-33.239433,-24.339697,Total,4U8A_cmpnd_3
-34.97149,-20.999245,Strat,4U8A_cmpnd_7
-34.486675,-21.207659,Total,4U8A_cmpnd_8
-14.441388,-31.34892,Total,4U8A_cmpnd_9
-37.88657,-21.182526,Total,4U8B
-37.11892,-16.627127,Total,4U8C
29.134295,5.7380953,Total,4W90
10.312391,6.964724,Total,4W92
26.20745,16.85095,Total,4XW7
26.228573,16.824438,Total,4XWF
29.74105,9.410025,Total,4YAZ
29.393042,8.242127,Strat,4YB0
29.693878,9.319201,Total,4YB1
30.501677,-10.101017,Total,4ZC7
35.46778,-9.525598,Total,4ZC7_G418
25.172249,16.075258,Strat,4ZNP
-26.1483,32.28908,Total,5BJO
-26.340958,32.740074,Total,5BJP
25.246872,16.189644,Total,5BTP
-10.151095,3.6726499,Total,5C45
-2.7310593,6.912383,Total,5C45_FMN
3.8932848,27.015007,Total,5C7W
-36.0644,-7.1981115,Total,5CDB
-16.779272,-15.747739,Total,5ET2
-10.251136,3.674597,Total,5KX9
-10.444397,-20.506477,Total,5LIG
27.273375,9.988405,Strat,5LWJ
-16.560074,18.86023,Total,5NPM
-1.8105898,37.67981,Total,5SWD
-2.6158617,37.297573,Total,5SWE
32.53472,12.657045,Total,5UED
32.296944,12.730261,Total,5UEE
33.34502,12.600641,Total,5UEG
8.010682,18.316406,Total,5UX3
7.5307336,17.997005,Total,5V0H
8.159784,18.013222,Strat,5V0J
6.3864098,26.498526,Total,5V0K
7.955188,18.900692,Total,5V0O
13.663412,28.153563,Total,5V0O_MPE-Fe(II)
6.8556857,-29.013838,Total,5V3F
7.0127344,-31.0191,Total,5V3F_TO3-Biotin
-9.013658,-23.69253,Total,5W77
-1.2741191,-10.070805,Total,5XI1
-22.608948,24.73043,Total,5XI1_2-(4-thiocarbamoylphenyl)benzimidazole
-20.739119,-7.5681086,Total,"5XI1_4-[5-(1,2,4-triazol-1-ylmethyl)-2,4-triazol-3-yl]pyridine"
-25.499773,-4.030788,Total,5XI1_9-amino_Acridine
-25.579063,-4.064819,Total,"5XI1_9_amino_1,2,3,4-Tetrahydro_acridine"
-14.657483,23.085632,Strat,5XI1_Amiloride
-16.773335,24.603853,Total,5XI1_Amodiaquine_di_Hcl
-19.030058,-12.373338,Total,5XI1_Bisantrene
-20.295473,-8.111329,Total,5XI1_DAPI
-2.2897897,-11.420754,Total,5XI1_Daidzein
5.4538145,11.180722,Total,5XI1_Diminazine
-2.5357993,-13.130159,Total,5XI1_Enrofloxacin
1.4822172,-12.98636,Total,5XI1_Epirubicin
0.98711306,-11.706136,Total,5XI1_Hesperidine
-1.1628911,-11.461635,Total,5XI1_Kaempferol
-15.088939,22.298122,Total,5XI1_Lamivudine
-2.6899276,-13.269963,Total,5XI1_Levofloxacin
-1.0207496,-11.531853,Total,5XI1_Luteolin
-30.798874,0.6373989,Total,5XI1_Methyl_green
-0.88564813,-10.539581,Total,5XI1_Myricetin
-30.248007,-6.292161,Total,5XI1_Nitidine_Cl
-30.024214,-5.825735,Total,5XI1_Palmatin_Chloride_Hydrate
19.433348,-13.898875,Total,5XI1_Paromomycinsulphate
-0.0056049204,-11.677487,Total,5XI1_Puerarin
-0.79423714,-11.425311,Total,5XI1_Quercetin
-26.621687,-4.5824723,Total,5XI1_Quinacrine_Di_Hcl
-27.147367,-4.908819,Total,5XI1_Rhodamine
0.96591663,-11.530962,Total,5XI1_Rutin
19.092804,-13.950408,Total,5XI1_Sisomicin_Sullphate
5.460164,11.465938,Total,5XI1_Tartrazine
-39.56294,7.8120832,Total,5XI1_Tetrachlorofluorescein
2.319142,-12.708056,Strat,5XI1_Tetracycline_Hcl
-32.315132,-2.7527816,Total,5XI1_Thiazole_Orange
19.359606,-13.783729,Total,5XI1_Tobramycin_Sulphate
6.5956845,-44.933918,Total,5XI1_Trifluoperazine
-7.0002103,7.423359,Total,6BFB
-9.293487,3.6419554,Total,6BFB_ribocil
-9.299662,3.697592,Total,6BFB_ribocil-C
-5.818243,9.125249,Total,6BFB_roseoflavin
-5.2021594,13.653137,Total,6C63
-26.098223,15.609179,Total,6C64
-5.2106595,13.664178,Total,6C65
7.080897,-30.859457,Total,6C65_TO3-B
28.363848,13.93914,Total,6CK4
1.9048972,5.2869763,Total,6CK5
0.7830305,5.1269574,Total,6CK5_ppGpp
-13.384528,3.2719343,Total,6DB8
32.144722,17.380306,Total,6DLQ
7.429464,3.5247197,Strat,6DLT_Guanidine
0.6871089,5.3952603,Total,6DLT_ppGpp
28.666914,11.877558,Total,6DMC
27.2278,33.280243,Total,6DMC_Guanidine
1.9195892,4.820788,Total,6DMC_PRPP
31.737932,16.880758,Strat,6DMD
28.584023,11.844981,Total,6DME
-7.13317,14.858003,Total,6DN1
-8.185785,13.319508,Total,6DN2
-7.2848873,14.709697,Total,6DN3
-8.041978,14.058982,Total,6DN3_BRX1027
-21.326344,19.166676,Total,6E1S
-21.34798,19.145496,Total,6E1U
-28.899183,-1.9566251,Strat,6E1V
-27.470493,15.587421,Total,6E81
-27.42418,15.570777,Total,6E84
-24.26749,16.144709,Total,6E8S
7.146572,-31.301899,Total,6E8S_TO3-Biotin
-24.646358,15.979315,Total,6E8T
6.290474,-31.069408,Total,6E8U
6.7380953,-30.730867,Total,6E8U_TO3-Biotin
-13.019996,-20.634727,Total,6F3C
2.6330025,44.45374,Total,6FZ0
-2.494371,-19.218395,Strat,6GZK
16.947948,8.292847,Total,6HAG
15.313053,3.816595,Total,6HAG_SAM
6.9387674,-0.17930879,Total,6HBT
7.4167986,3.3015604,Total,6HBT_guanidine
-3.290117,-23.506523,Total,6HMO
-15.836429,-18.92676,Total,6IJV
8.420342,-20.712015,Total,6IZP
-18.359041,39.015938,Total,6J0H
7.471025,-8.528217,Total,6J2W
-12.193135,-21.540594,Total,6JJ0
-10.83942,-17.642195,Total,6JWD
25.052027,7.139315,Total,6K3Y
24.484732,6.078183,Total,6K3Y_d(GA)
24.366714,5.945347,Total,6K3Y_d(GT)
24.343155,5.885886,Total,6K3Y_d(TG)
0.6994698,3.018024,Total,6K3Y_dGTP
-11.908185,-21.946192,Total,6KFI
5.1500216,-13.383213,Total,6KN4
5.1510086,-13.3787,Total,6KXZ
-16.452278,-32.28011,Total,6M5B
5.8151636,26.508823,Strat,6N5S
-12.190393,-21.535168,Total,6O2L
-20.899847,-15.2478695,Total,6OD9_Compound9
6.0729804,23.15201,Total,6P2H
26.687334,9.737881,Total,6P2H_riboguanosine
-11.268734,-25.397192,Total,6P45
-7.021302,-13.162752,Total,6QIQ
-7.1659307,-13.119889,Total,6QIR
-7.1588163,-13.122723,Total,6QIS
13.456736,16.852797,Strat,6QN3
-36.043533,-7.2056575,Total,6S15
-13.004839,-22.681751,Total,6SX3
27.051407,13.518988,Total,6TF1
27.281061,13.113293,Total,6TFE
26.92157,15.239396,Total,6TFF
-0.8937433,26.23423,Total,"6UBU_4,6,7,8-tetrahydro-8-hydroxy-6-methylprimido[1,2-a]purin-10(3H)-one"
-1.0133888,28.930569,Total,6UBU_6-chloroguanine
-3.314376,27.166153,Total,6UBU_8-aminohypoxanthine
-2.0197008,27.130884,Total,6UBU_8-hydroxyguanine
-3.414287,26.210836,Total,6UBU_N2-isobutyrylguanine
-3.681985,27.268713,Total,6UBU_N2-methylguanine
-2.0088904,24.81495,Total,6UBU_N2-phenoxyacetyl_guanine
-2.0397,24.929428,Total,6UBU_N2-pivaloylguanine
0.22237861,26.756903,Strat,"6UBU_N6-cyclopropyl-9H-purine-2,6-diamine"
0.23764068,26.254887,Total,6UBU_NU2058
-0.0013091981,26.24167,Total,6UBU_O6-benzylguanine
-1.7029276,29.108704,Total,6UBU_O6-methylguanine
-1.7543725,27.503216,Total,"6UBU_pyrimido[1,2-a]purin-10(1H)-one"
-5.8384204,31.576534,Total,6UC7
2.0213294,27.345026,Total,"6UC7_2,5,6-TRIAMINO-PYRIMIDINE-4-ONE"
2.2564762,27.314299,Total,6UC7_PC1
-6.274662,32.45769,Total,6UC8
-0.8712101,35.687332,Total,6UC9
-25.24028,15.779413,Total,6UP0
23.210766,6.5972667,Total,6V0L
1.8844895,-2.5556014,Total,6V0L_Acyclovir
-0.5365118,2.2705543,Strat,6V0L_GMP
1.2383661,2.3967276,Total,6V0L_GTP
-1.0324802,1.8104274,Strat,6V0L_cGMP
1.4723507,-3.281876,Total,6V0L_dG
1.3420016,2.640603,Total,6V0L_dGTP
3.259747,-3.166073,Total,6V0L_guanine
-29.311916,13.127167,Total,6V9B
-29.29816,13.134964,Total,6V9D
-11.815906,-11.699623,Total,6VA2
1.8615351,-15.940899,Strat,6VA2_Amatantrone
-19.603422,-9.130078,Total,6VA2_Compound1
-11.025582,7.6529713,Total,6VA2_Compound10
3.3213851,9.332316,Total,6VA2_Compound11
-19.698278,-9.044237,Total,6VA2_Compound2
-19.011944,-12.374728,Total,6VA2_Compound3
-10.920276,7.66479,Total,6VA2_Compound6
-10.694528,7.8874187,Total,6VA2_Compound7
-11.073634,-8.073609,Total,6VA2_Compound8
23.31832,-17.944641,Total,6VA2_Guanidinoamine
1.8010914,-16.340654,Total,6VA2_Mitoxantrone
18.266342,-12.1369,Strat,6VA2_Neamine
-0.34227905,-23.81646,Total,6VA3
-1.6874938,-20.77217,Total,6VA4
-0.04661334,14.231839,Total,6WZR
-0.7400627,4.439884,Total,6WZR_Compound1
-7.7718377,10.00869,Total,6WZR_Compound10
-0.57867694,13.283963,Total,6WZR_Compound12
-0.9777031,13.077234,Total,6WZR_Compound13
1.3180641,14.562301,Total,6WZR_Compound2
-18.400166,10.829994,Total,6WZR_Compound3
11.719107,-12.761151,Total,6WZR_Compound4
0.8130107,13.8276615,Total,6WZR_Compound5
-0.58092356,13.2702875,Total,6WZR_Compound7
0.3135077,13.426828,Total,6WZR_Compound8
-0.3654414,14.045367,Total,6WZS
7.7208533,-5.3502607,Total,6XB7
16.387053,9.136624,Total,6YL5
3.7541177,43.572758,Total,6YLB
11.866115,5.0982585,Total,6YML
3.2202113,43.849133,Total,6YMM
-10.843465,-16.703295,Strat,7A3Y
-31.468067,-6.811776,Total,7A3Y_COP
-31.064806,-6.4148684,Total,7A3Y_EBRB
-30.82106,-5.68683,Total,7A3Y_PAM
16.311,15.625865,Total,7D12
28.164112,15.340981,Total,7D7W
28.592136,14.618358,Total,7D7X
30.711271,17.4611,Total,7D7Z
29.445953,15.867986,Total,7D81
30.018795,16.557896,Total,7D82
17.039333,8.99178,Total,7DWH
4.2152753,9.780992,Strat,7E9I
-10.7860985,27.681307,Total,7E9I_PreQ1
12.533654,31.369564,Total,7ELP
-9.109691,36.466537,Total,7ELQ
-8.036282,36.636547,Total,7ELS
-33.823505,18.678349,Total,7EOI
-33.16959,19.627266,Total,7EOK
-33.058327,19.658895,Total,7EOL
-32.991062,19.136131,Total,7EOM
-33.737183,19.523169,Total,7EON
-32.517902,18.726316,Total,7EOO
-33.851242,19.920902,Strat,7EOP
-7.8596697,-17.701675,Total,7KBW
-7.857013,-17.704626,Total,7KBX
-36.7747,-23.034084,Total,7KU4
7.324023,-41.703434,Total,7KVT
-13.653051,28.199768,Total,7KVV
-36.843086,-22.881828,Total,7KWK
-11.2355385,-25.482214,Total,7MKT
-11.897237,-17.356192,Total,7MSV
-10.856396,-17.570288,Total,7N7D
-27.201092,31.041946,Strat,7OA3
-27.241058,31.035088,Total,7OAV
-23.334665,16.66775,Total,7OAW
-27.445593,31.163792,Total,7OAX
-7.385926,-20.29581,Strat,7PNG
-33.537106,-2.903322,Total,7PNG_Cryptolepine
-7.6389017,31.771465,Total,7Q7X
-5.491643,28.201406,Total,7Q80
10.443834,5.835268,Total,7Q81_guanine
-4.2970138,24.371075,Total,7REX
-5.083903,7.0129848,Strat,7RWR
-2.508628,6.683809,Total,7RWR_FAD
-6.3220954,9.211542,Total,7RWR_riboflavin
15.076771,21.366684,Total,7SXP
-24.474598,-12.780511,Total,7SXP_Abemaciclib
-26.63919,-10.485335,Total,7SXP_Compound_16
-26.152313,-11.6608925,Total,7SXP_Compound_17
-23.777542,-10.4463825,Total,7SXP_Compound_18
-24.67985,-11.261043,Strat,7SXP_Compound_2
-26.14764,-12.777487,Total,7SXP_Compound_24
-26.874765,-11.735213,Total,7SXP_Compound_25
-24.668726,-11.674998,Total,7SXP_Compound_3
-24.947424,-7.918058,Strat,7SXP_Compound_6
-25.571474,-10.670252,Total,7SXP_Compound_7
-25.62919,-9.679665,Total,7SXP_Compound_8
-27.415339,-9.942265,Total,7SXP_Hit_S5
-11.781426,7.320467,Total,7SXP_Hit_S8
-26.294598,-10.881711,Total,7SXP_NRAS_SAR_24
-24.684412,-11.624442,Total,7SXP_NRAS_SAR_3
-24.956629,-7.962412,Total,7SXP_NRAS_SAR_6
-27.84701,-11.938031,Total,7SXP_NRAS_compound_1
-23.143871,-11.921692,Total,7SXP_Nafamostat
12.740816,-13.585396,Total,7SXP_Valnemulin
-32.68038,21.465809,Total,7SZU
18.416334,-2.6897998,Total,7TD7_MDP
-16.242357,5.3333154,Total,7TD7_pyrithiamine
31.101095,18.711603,Total,7TDA
23.812693,13.000543,Total,7TDB
-16.129486,10.724442,Total,7TZR
-18.748823,13.280729,Total,7TZS
-18.693914,13.124071,Total,7TZS_Molecule_1
-17.024185,12.890491,Total,7TZS_Molecule_10
-16.609741,12.398395,Total,7TZS_Molecule_11
-16.610489,12.402223,Total,7TZS_Molecule_12
-18.19644,18.147322,Total,7TZS_Molecule_13
-18.27221,18.002138,Total,7TZS_Molecule_14
-16.420036,11.869412,Total,7TZS_Molecule_2
-17.983046,14.189332,Total,7TZS_Molecule_3
5.8660297,33.304462,Strat,7TZS_Molecule_35
5.8397694,33.300404,Total,7TZS_Molecule_36
-17.650135,9.291257,Total,7TZS_Molecule_39
-17.420753,12.156735,Total,7TZS_Molecule_4
-17.109047,15.224896,Total,7TZS_Molecule_5
-18.10132,19.107283,Strat,7TZS_Molecule_6
8.275534,-41.720356,Total,7TZS_Molecule_7
-15.781559,13.7196865,Total,7TZS_Molecule_8
24.643103,11.499739,Total,7TZS_Molecule_9
-17.662945,9.241223,Total,7TZS_Z1
-20.91343,11.916976,Total,7TZT
-15.850553,9.562371,Total,7TZU
-32.682392,21.472807,Total,7U0Y
7.4916472,-8.531779,Total,7W9N
22.975655,6.6503015,Strat,7WGW
1.5900779,-4.10567,Total,7WGW_G
0.2733307,1.6119113,Total,7WGW_GDP
-0.4502963,1.6684115,Total,7WGW_GMP
0.73869294,1.8253384,Total,7WGW_GTP
2.0818958,-2.9478433,Total,7WGW_acyclovir
1.9767632,-3.6329703,Total,7WGW_dG
-0.39069995,1.317837,Total,7WGW_dGMP
0.46791655,2.3849149,Total,7WGW_dGTP
2.0974927,-3.4567647,Total,7WGW_ganciclovir
3.2443874,-3.371004,Total,7WGW_guanine
4.796139,20.411848,Total,7WI9
-11.892509,28.051754,Strat,7WIE
11.504557,29.10083,Total,7WIE_5-methyl-THF
1.0011705,22.99444,Total,7WIE_6-Biopterin
11.835744,29.690094,Total,7WIE_Folinic_acid
0.4823221,22.02682,Total,7WIF
-0.25080323,21.88528,Total,7WII
-10.041966,-17.7119,Total,7X8M
-10.431059,9.258276,Total,7X8M_Aniline_analog_6
-21.502043,-24.737604,Total,7X8M_Quindoline_CK1-14
-31.977455,-10.067436,Total,7X8M_coptisine
22.017345,35.922924,Total,7XD5_2-Guanidinio_Succinic_Acid
23.542276,35.42377,Strat,7XD5_3-guanidinic_propionic_acid
23.9698,36.17429,Total,7XD5_4-guanidinic_butyric_acid
24.467539,36.72662,Total,7XD5_5-guanidinic_valeric_acid
24.482124,37.32406,Total,7XD5_6-guanidinic_caproic_acid
23.540329,36.99248,Strat,7XD5_D_arginine
25.485687,33.844666,Total,7XD5_Ethyl_Guanidinium
23.271278,33.8834,Total,7XD5_Guanidine-acetic_acid
22.89029,34.91327,Total,7XD5_Guanidinic_Formic_acid
25.621962,33.30167,Total,7XD5_Guanidinium
23.130163,30.563097,Strat,7XD5_Guanyl-Urea
23.058964,35.919094,Total,7XD5_L-2-Amino-3-guanidinic_propionic_acid
22.898548,36.47553,Total,7XD5_L-2-Amino-4-guanidinic_butyric_acid
23.538876,36.49218,Total,7XD5_L-2-Hydroxy-5-Guanidic_valericacid
20.235723,36.490456,Total,7XD5_L-Canavanine
23.358477,38.315712,Total,7XD5_L-Leucyl_-L-Arginine
24.187155,35.576912,Total,7XD5_L-ORNITHINE
24.567759,36.117996,Total,7XD5_L-_L_lysine
25.490501,37.45313,Total,7XD5_L-arginine_amide
23.020437,30.46573,Total,7XD5_L-citrulline
23.978254,37.470123,Strat,7XD5_L-homoarginine
22.966383,37.30725,Total,7XD5_L_arginine
25.643843,33.61931,Total,7XD5_Methyl_Guanidinium
21.658176,38.165512,Total,7XD5_N-Acetyl-L-arginine
25.14711,39.692013,Total,7XD5_N_Benzoyl-L-Arginine_Ethyl_Ester
46.157475,-12.836536,Total,7XD5_Neomycin
46.192776,-12.853463,Total,7XD5_Streptomycin
23.237764,30.729004,Total,7XD5_UREA
25.857855,36.97027,Total,7XD5_agmatine
24.07107,34.833237,Total,7XD5_creatine
25.349892,35.072887,Total,7XD5_creatinine
26.402218,35.892017,Total,7XD5_deoxy_Guanosine
26.337454,35.872253,Total,7XD5_dideoxy_Guanosine
25.592655,39.099636,Total,7XD5_l-arginine_ethyl_ester
25.683775,39.06815,Total,7XD5_l_arginine_methyl_ester
-14.176382,-23.941128,Total,7YVW
-42.689804,-18.203154,Total,7Z9P
-42.67801,-18.206625,Total,7Z9P_Hoechst_33258
-31.971899,-12.696241,Total,8ABD_BRACO-19
-25.971992,-16.733088,Total,8ABD_NDI-DM
-31.704771,-11.849992,Strat,8ABD_PIQ-4m
-31.83507,-10.80285,Total,8ABD_SYUIQ-5
-32.864937,-2.8637805,Total,8ABD_TO
-7.3368506,-20.362486,Total,8ABN
-2.2655847,-24.09456,Total,8CF2
-20.27374,-5.232627,Total,8CF2_SMN-C5
-6.720385,24.344858,Total,8D28
-7.807562,25.267645,Total,"8D28_1,3-dimethyluric_acid"
-8.049639,9.633261,Total,8D28_1-carboxypropyl_theophylline
-11.3073435,26.307467,Total,8D28_1-methylxanthine
-7.426497,24.397764,Total,8D28_3-methylxanthine
-11.261348,25.909958,Total,8D28_7-methylxanthine
-8.924107,23.035048,Total,8D28_Compound_1
-13.420038,25.790413,Strat,8D28_Compound_10
-23.202131,8.234214,Total,8D28_Compound_11
-40.79849,4.2769957,Total,8D28_Compound_12
-6.5975494,21.349247,Total,8D28_Compound_13
-21.333168,25.899235,Total,8D28_Compound_14
-21.216291,25.958021,Total,8D28_Compound_17
-7.574804,23.688702,Total,8D28_Compound_18
-14.134754,25.885387,Total,8D28_Compound_19
-15.329792,26.033472,Total,8D28_Compound_20
-26.11357,10.570696,Total,8D28_Compound_21
-16.376623,25.14907,Total,8D28_Compound_22
-9.283664,9.539003,Total,8D28_Compound_23
-7.7033215,22.931202,Strat,8D28_Compound_24
-21.810564,8.409192,Total,8D28_Compound_25
-14.471276,25.850815,Total,8D28_Compound_26
3.483779,10.687504,Total,8D28_Compound_27
-6.058102,21.872246,Total,8D28_Compound_28
-26.017595,10.53392,Total,8D28_Compound_29
-9.097356,22.277836,Total,8D28_Compound_3
-21.166313,8.521979,Total,8D28_Compound_30
-22.710821,8.371019,Total,8D28_Compound_31
-11.9634495,24.907574,Total,8D28_Compound_32
-9.484728,20.983885,Total,8D28_Compound_33
-25.626064,10.399165,Total,8D28_Compound_34
-24.570704,10.125733,Total,8D28_Compound_35
9.067582,-41.037865,Strat,8D28_Compound_36
-21.723778,25.45393,Total,8D28_Compound_4
-21.369675,25.82772,Total,8D28_Compound_6
-9.058746,21.591145,Strat,8D28_Compound_7
-25.20868,6.3582397,Total,8D28_Compound_8
-7.897024,26.2733,Total,8D28_caffeine
-11.410685,26.43836,Total,8D28_hypoxanthine
-4.065255,-5.4565554,Total,8D2A
-4.098924,-5.477538,Total,8D2B
-10.267241,25.437752,Strat,8D5L
-3.4491267,-5.227403,Strat,8D5O
-17.154125,-19.70523,Total,8EC1
-6.068508,17.725397,Total,8EYU
-25.170937,32.07831,Total,8EYV
-25.224083,32.086506,Total,8F0N
-16.993242,-20.041117,Total,8F1S
0.8289833,-26.065746,Total,8FB4
-17.190235,-19.739397,Total,8FDR
7.0080957,-41.426624,Total,8FHV
-26.112906,32.244305,Total,8FHZ
-10.913213,17.132824,Strat,8FI0
-4.640296,18.389208,Total,8HZD
-3.8398595,17.036562,Total,8HZE
-5.196465,17.898779,Total,8HZF
-5.126713,17.90368,Total,8HZJ
15.97372,21.25574,Total,8HZK
-3.7545788,16.985033,Total,8HZL
-6.798775,-17.680492,Total,8IF5
6.9058805,-9.193749,Total,8IF5_AFG1
12.941348,39.925304,Total,8OLS
-14.898729,12.026842,Total,8OLV
13.04378,39.871883,Total,8OLZ
25.389063,18.677635,Total,8OM0
-24.081095,-16.39915,Total,8QMH
-2.1935086,-23.425966,Total,8R62
-1.9336421,-22.182816,Total,8R63
-2.5374281,-23.778423,Total,8R8P
12.486117,40.169853,Total,8RUJ
8.346792,-13.546127,Total,8T5O
-35.425724,-30.167185,Strat,8T7B
-16.432877,-20.099512,Total,8T7X
-18.030148,-20.186907,Total,8T80
-17.333996,-21.296164,Total,8TA8
-37.03872,-23.920584,Total,8TA9
-35.518658,-29.941687,Total,8TAJ
-36.37013,-29.869923,Total,8TAP
-37.328163,-24.033873,Total,8TB3
-37.48681,-23.78332,Total,8TB4
-36.190125,-18.820969,Total,8TB8
-36.14094,-18.876835,Total,8TBD
-36.577244,-29.775127,Strat,8TBO
-36.36878,-29.362411,Total,8TC6
-38.457256,-23.53721,Total,8TDT
-17.254555,-34.835506,Total,8WU5
1.4494653,19.965967,Total,8XZE
1.6003036,21.38467,Total,8XZM
1.3777065,21.405931,Total,8XZN
-7.029947,32.09388,Total,8XZO
-7.109437,32.40389,Total,8XZR
2.7956161,19.382217,Total,8XZW
15.524613,30.759113,Total,8XZW_5-methyl-THF
21.624142,22.865196,Total,8XZW_6-Biopterin
15.372464,30.533285,Strat,8XZW_Folinic_acid
15.535726,30.690283,Total,8XZW_folic_acid
-3.358688,-8.883341,Total,8YAM
-6.628992,-0.8905993,Total,8YAM_Compound_1
-6.5354457,-0.3967748,Total,8YAM_Compound_2
-7.1139627,0.118731536,Total,8YAM_Compound_3
-6.3835635,-0.60259426,Total,8YAM_Compound_5
-5.224615,-0.5167831,Total,8YAM_Compound_6
-5.570262,-0.5599591,Total,8YAM_Compound_7
-6.758824,-1.528512,Total,8YAM_Compound_9
-28.89851,-1.8887366,Strat,8YAN
-0.30833134,-23.849888,Total,9CPD
-0.7420338,-25.465824,Total,9CPG
-0.25530583,-24.947735,Total,9CPI
