tSNE1,tSNE2,Split,Folder,NA_Type
7.5604405,-1.3978975,Strat,3UYH,DNA
10.062882,1.2222776,Total,2K4L_Genistein,DNA
-25.008455,-18.742428,Total,3U0U,DNA
-25.427582,-19.670465,Total,8TB3,DNA
-6.1104894,23.866173,Total,1FMQ,DNA
-7.887753,26.453024,Total,8TAP,DNA
38.027863,-5.3471384,Strat,8TB4,DNA
37.418354,-5.1442623,Total,4U8A,DNA
15.702557,28.771444,Total,1P96,DNA
-31.972107,-18.093565,Total,8EC1,DNA
50.07644,4.0368342,Total,209D_D-MeVal-AMD,DNA
35.293354,-10.192922,Total,8TDT,DNA
36.96144,-11.2526455,Total,7KBW,DNA
46.738415,3.254768,Strat,8TBD,DNA
-17.668966,-6.0985146,Total,2K4L_Luteolin,DNA
-24.37523,1.0463643,Total,6P45,DNA
-15.966334,-6.079492,Total,3U08,DNA
-14.649586,-5.4080234,Total,6K3Y_d(GA),DNA
-17.700348,1.8038137,Total,6K3Y,DNA
29.885288,-23.654507,Total,3QSF,DNA
28.857574,-21.81516,Total,7Z9P_Hoechst_33258,DNA
32.302353,-24.040585,Total,7WGW_dG,DNA
30.66677,-22.22749,Total,2MS6_Genistein,DNA
29.540394,-22.207159,Total,7KBX,DNA
32.44424,-23.205582,Strat,227D,DNA
29.46803,-19.80253,Total,6M5B,DNA
28.725166,-18.17267,Total,2GYX_DB262,DNA
28.470226,-22.860344,Total,8TAJ,DNA
35.283115,-28.104816,Total,2MS6,DNA
15.121295,-23.975733,Total,6V0L_Acyclovir,DNA
13.1745615,-4.262121,Total,1FTD_Compound_3,DNA
-21.095024,-3.0193353,Total,7WGW_ganciclovir,DNA
24.216959,-19.711948,Total,7X8M_coptisine,DNA
13.940786,-3.1499848,Total,8FHV,DNA
23.601019,-22.04725,Total,6J2W,DNA
20.229158,-7.24988,Strat,4U8A_cmpnd_17,DNA
34.630863,-23.934525,Total,4U8A_cmpnd_3,DNA
11.515828,-43.36203,Total,7X8M,DNA
16.785624,-5.029612,Total,8FB4,DNA
14.787201,-5.6094594,Total,5W77,DNA
8.508527,-20.573584,Total,4U8A_cmpnd_16,DNA
-15.463196,-1.5214815,Total,4U8A_cmpnd_11,DNA
-16.75915,-3.4628732,Total,2MB3_telomestatin,DNA
-14.989089,-2.92522,Total,4QIO,DNA
9.809859,-45.6647,Strat,4U8A_cmpnd_18,DNA
-39.10674,5.865193,Total,7WGW_dGMP,DNA
-36.104553,9.275714,Strat,1FTD_Compound_2,DNA
-36.2793,6.601784,Total,8FDR,DNA
-39.253815,5.5081005,Total,1NZM,DNA
-39.366455,6.2229605,Total,2MND,DNA
-17.460669,3.0875585,Total,2JT7,DNA
-2.2394106,-18.638329,Total,2K4L_Rutin,DNA
-32.168354,5.3530073,Total,1L1V,DNA
-31.554052,7.7332664,Total,6J0H,DNA
-38.2018,4.572683,Total,8T7B,DNA
14.510356,-17.066126,Total,1DL8_Compound_10,DNA
14.694392,-17.297033,Total,2JWQ_Compound_19,DNA
-7.961213,-34.199398,Total,3SC8_BMSG-SH-2,DNA
-7.098103,-34.802372,Total,6V0L_dGTP,DNA
-30.505928,6.3027706,Total,7WGW_GDP,DNA
7.202853,-44.88156,Total,4HIV,DNA
-30.758087,4.675477,Strat,6K3Y_d(GT),DNA
6.950602,-44.93786,Total,7Z9P,DNA
-14.030508,-13.47639,Total,2K4L_sibiromycin,DNA
-7.0288363,-8.064557,Total,6IJV,DNA
-26.59368,3.4112954,Total,1QV8,DNA
23.456177,-13.117338,Total,3SC8,DNA
39.595516,-10.746169,Total,1DL8_Compound_11,DNA
-18.610865,39.092186,Total,2JWQ_Compound_18,DNA
4.3710933,-3.7667384,Total,2JWQ_Compound_20,DNA
-2.3442972,30.811554,Total,2OEY,DNA
38.10532,-11.6663,Total,2JWQ_Compound_11,DNA
25.254288,12.839061,Total,2B0K,DNA
-5.160124,32.473793,Total,7WGW_GMP,DNA
50.62412,3.816922,Strat,2N96,DNA
47.817795,5.8299103,Total,8FI0,DNA
47.809162,6.4303718,Total,8T7X,DNA
51.586567,4.3950644,Total,8T80,DNA
48.672325,3.7885928,Total,6F3C,DNA
-32.110363,-22.375484,Strat,7KWK,DNA
31.164806,17.87066,Total,7WGW_guanine,DNA
-11.343043,-0.14192158,Strat,2JWQ_compound_6,DNA
-16.616194,-31.820585,Total,3OJS,DNA
-16.37111,-25.0503,Total,1R4E,DNA
-34.742393,-2.8576603,Total,6KXZ,DNA
3.2510896,-8.827945,Total,1QV4_Hoechst_33258,DNA
4.717213,-1.0213503,Total,2ARG,DNA
-33.307014,-8.998781,Total,1DL8_Compound_5,DNA
-6.702527,-20.606794,Total,7PNG,DNA
49.49025,5.2791157,Strat,1QMS,DNA
50.43326,5.25651,Total,8TC6,DNA
7.859951,-9.341064,Total,3UYH_3g,DNA
27.87053,-9.938698,Total,1ZTT,DNA
-0.86111677,32.232483,Total,6K3Y_d(TG),DNA
13.292726,15.187849,Total,3U08_DB1944,DNA
15.098853,14.175048,Total,2K4L,DNA
13.921165,14.983304,Total,2MS6_Rutin,DNA
1.2339797,45.264786,Strat,1DL8_Compound_4,DNA
-4.6977572,9.616963,Total,4FXM,DNA
-2.9004242,36.122276,Total,1PQQ,DNA
-1.1938655,28.138239,Total,2JWQ_compound_9,DNA
-3.8000002,36.09798,Strat,1X26,DNA
-6.023933,36.091312,Total,1DL8_Compound_3,DNA
24.817034,17.471508,Total,2GYX_DB613,DNA
30.84084,8.630309,Strat,2JWQ_compound_7,DNA
-8.69603,33.825336,Total,2OEY_NCSi-gb,DNA
-9.978353,31.068686,Total,3UYH_3a,DNA
38.02267,-13.20037,Total,3UYH_3f,DNA
39.049652,-14.433372,Total,6V0L_GMP,DNA
5.5245085,22.68909,Total,8F1S,DNA
-20.176058,14.294179,Total,6V0L_cGMP,DNA
42.844646,-9.985526,Total,3UYH_3h,DNA
41.728756,-7.484156,Total,2KVY,DNA
17.299551,-30.51549,Total,3QSC,DNA
-34.934437,-10.568015,Total,5ET2,DNA
-6.7315435,31.345263,Total,6JJ0,DNA
15.803116,4.418541,Total,6V0L_guanine,DNA
17.143234,7.036432,Total,2GYX,DNA
16.726683,21.042551,Total,7W9N,DNA
-12.163875,29.524881,Total,4U8B,DNA
12.101558,29.053436,Total,7YVW,DNA
-5.7799983,33.42436,Total,8TA8,DNA
-10.528365,32.258537,Total,2K4L_Quercetin,DNA
-12.760965,14.926798,Total,8IF5,DNA
-12.84751,14.577721,Total,2LOA,DNA
30.581429,7.9267273,Total,7WGW_GTP,DNA
29.062866,6.8604417,Total,316D,DNA
-18.741331,-3.5869167,Strat,6V0L_dG,DNA
-32.049374,-25.23525,Total,1FTD_Hoechst 33258,DNA
-35.87262,-16.689785,Total,7N7D,DNA
29.134295,5.7380953,Total,8TBO,DNA
35.46778,-9.525598,Total,1FMS,DNA
25.246872,16.189644,Total,4U8C,DNA
3.8932848,27.015007,Total,3U05,DNA
-10.251136,3.674597,Total,8TA9,DNA
7.5307336,17.997005,Total,454D,DNA
6.8556857,-29.013838,Total,8TB8,DNA
-25.579063,-4.064819,Total,4U8A_cmpnd_7,DNA
-19.030058,-12.373338,Total,7X8M_Quindoline_CK1-14,DNA
-30.248007,-6.292161,Total,4U8A_cmpnd_9,DNA
-30.024214,-5.825735,Total,2JWQ,DNA
-0.00560492,-11.677487,Total,7KU4,DNA
5.460164,11.465938,Total,7MSV,DNA
0.7830305,5.1269574,Total,2MB3,DNA
-21.34798,19.145496,Total,4U8A_cmpnd_14,DNA
6.290474,-31.069408,Total,4U8A_cmpnd_13,DNA
-10.83942,-17.642195,Total,2B0K_DB911,DNA
-16.452278,-32.28011,Total,4U8A_cmpnd_8,DNA
26.687334,9.737881,Total,6KN4,DNA
-1.0133888,28.930569,Total,7WGW_G,DNA
-3.314376,27.166153,Total,2MG8,DNA
-1.7543725,27.503216,Total,4U8A_cmpnd_12,DNA
1.4723507,-3.281876,Total,4U8A_cmpnd_15,DNA
3.259747,-3.166073,Total,6JWD,DNA
-11.025582,7.6529713,Total,8FHZ,DNA
3.3213851,9.332316,Total,1EEL,DNA
-19.698278,-9.044237,Total,7WGW,DNA
0.8130107,13.8276615,Total,7X8M_Aniline_analog_6,DNA
11.866115,5.0982585,Total,6V0L_GTP,DNA
30.711271,17.4611,Total,3M8R,DNA
29.445953,15.867986,Total,4G0F,DNA
30.018795,16.557896,Total,2MS6_Luteolin,DNA
-4.2970138,24.371075,Total,5CDB,DNA
-6.3220954,9.211542,Total,2JWQ_Compound_13,DNA
-24.668726,-11.674998,Total,1FTD,DNA
-18.693914,13.124071,Total,6SX3,DNA
-16.610489,12.402223,Total,3T5E,DNA
-18.10132,19.107283,Strat,316D_AMD,DNA
8.275534,-41.720356,Total,365D,DNA
-32.682392,21.472807,Total,1QV4,DNA
-0.39069995,1.317837,Total,3M8S,DNA
-10.431059,9.258276,Total,6S15,DNA
24.482124,37.32406,Total,1DL8_Compound_12,DNA
23.540329,36.99248,Strat,7WGW_acyclovir,DNA
25.485687,33.844666,Total,6KFI,DNA
22.898548,36.47553,Total,2JWQ_Compound_12,DNA
24.567759,36.117996,Total,2JWQ_compound_15,DNA
46.157475,-12.836536,Total,1QV4_Hoechst_33342,DNA
-32.864937,-2.8637805,Total,5LIG,DNA
-8.049639,9.633261,Total,3UYH_3c,DNA
-11.3073435,26.307467,Total,1LEJ,DNA
-11.261348,25.909958,Total,1EEL_DB226,DNA
-6.5975494,21.349247,Total,8WU5,DNA
-7.574804,23.688702,Total,1DL8,DNA
-3.4491267,-5.227403,Strat,209D,DNA
-17.154125,-19.70523,Total,1FMQ_Cyclopentyl,DNA
-25.224083,32.086506,Total,3OJS_DTTP,DNA
-26.112906,32.244305,Total,1DL8_Compound_1,DNA
-10.913213,17.132824,Strat,3UYH_3e,DNA
-14.898729,12.026842,Total,3CE5,DNA
13.04378,39.871883,Total,3UYH_3b,DNA
25.389063,18.677635,Total,7WGW_dGTP,DNA
8.346792,-13.546127,Total,8IF5_AFG1,DNA
-18.030148,-20.186907,Total,6K3Y_dGTP,DNA
-17.333996,-21.296164,Total,6O2L,DNA
-36.36878,-29.362411,Total,209D_AMD,DNA
1.3777065,21.405931,Total,7PNG_Cryptolepine,DNA
-3.358688,-8.883341,Total,1DL8_Compound_7,DNA
-7.1139627,0.118731536,Total,6V0L,DNA
-6.3835635,-0.60259426,Total,8ABN,DNA
-28.89851,-1.8887366,Strat,1DL8_Compound_9,DNA
-7.280784,-32.789104,Total,8YAM_Compound_6,RNA
-6.897954,-35.365685,Total,"6UC7_2,5,6-TRIAMINO-PYRIMIDINE-4-ONE",RNA
-7.2279744,-35.418987,Strat,"1PBR_N,N-dimethylquinolin-2-amine",RNA
-5.573893,-33.684006,Total,1PBR_Neamine_mimic_2,RNA
-5.498312,-34.211452,Total,2HOK,RNA
10.133405,1.1292028,Total,"1PBR_5,6-dimethyl-1H-1,3-benzodiazol-2-amine",RNA
8.784982,0.5098098,Total,2HOM_phenylacetate_derivative,RNA
10.108236,0.9816419,Total,4LVX,RNA
22.149347,27.630476,Total,8YAM_Compound_1,RNA
7.587248,-1.7048278,Total,8ABD_PIQ-4m,DNA
29.580263,-10.58423,Total,1UUI_benzyl_phenothiazin_der,RNA
23.862123,-11.965046,Strat,2HOL,RNA
23.980156,-12.272584,Total,1PBR_Neamine_mimic_5,RNA
21.805222,-27.542883,Total,5XI1_Diminazine,RNA
-25.201088,-17.474148,Total,5XI1_Luteolin,RNA
-24.941465,-18.78423,Total,5XI1_Quercetin,RNA
-24.500656,-18.910198,Total,1PBR_benzodiazolyl_methyl_sulfanylmethanimidamide,RNA
-25.98268,-18.903332,Total,2ESJ,RNA
-25.061838,-19.511889,Total,1J7T_Streptomycin,RNA
6.598237,-43.083725,Total,1PBR_1-(4-chlorobenzyl)-N-(2-morpholinoethyl)piperidine-4-carboxamide,RNA
-41.261005,-1.2903796,Total,1UUI_2-chloro-10-pyrrolidin_phenothiazine_der,RNA
-25.71235,-18.769543,Strat,1EVV_Protoporphyrin_IX,RNA
-32.042183,-18.454586,Total,"1PBR_8-methyl-3-(2-(pyrrolidin-1-yl)ethyl)-3H-pyrimido[5,4-b]indol-4(5H)-one",RNA
-30.707594,-19.79316,Total,8D5L,RNA
21.79867,-27.55708,Total,1UUI_Bis-3-chloropiperidine_2,RNA
37.247257,-3.3678787,Total,6C65_TO3-B,RNA
12.210713,-26.128777,Total,7OAW,RNA
-33.940865,-16.79372,Total,6P2H,RNA
23.757837,22.009783,Total,1UUI_methoxypiperidin_butyl_der,RNA
36.67615,-4.233594,Total,4LVZ_2-aminopurine,RNA
23.498283,22.14267,Total,7D7Z,RNA
37.48085,-4.5997696,Total,2A04,RNA
38.50832,-2.568962,Total,1PBR_Spiro-compound_4,RNA
37.81518,-5.872262,Total,3JQ4,RNA
14.941036,28.150959,Total,1EVV_Kaempferol,RNA
23.559702,22.111698,Total,7D82,RNA
-29.879965,-13.927214,Total,2FCZ,RNA
-29.825186,-14.202366,Total,4LVV,RNA
38.83165,-3.972592,Total,"1UUI_N,N-dimethyl-3-(10H-phenothiazin-10-yl)propan-1-amine",RNA
37.443974,-4.5097795,Total,"1PBR_4,6-dimethyl-1H-1,3-benzodiazol-2-amine",RNA
37.288578,-3.3936958,Total,1UUI_Bis-3-chloropiperidine_5,RNA
-29.68688,-0.5104789,Total,8HZD,RNA
-30.264442,0.29534167,Strat,2HOP,RNA
21.118488,27.153433,Total,5V0J,RNA
-5.10516,7.0396967,Total,1UUI_netilmicin,RNA
-32.042343,-18.53824,Total,1PBR_N-methylquinolin-2-amine,RNA
-31.506075,-19.30738,Total,3EGZ,RNA
-37.924637,-18.691725,Total,1ARJ,RNA
-33.92885,-20.597246,Total,"1PBR_1,4-bis((1H-indol-3-yl)methyl)piperazine",RNA
-33.655655,-22.181564,Total,2O3V,RNA
-34.56891,-19.348167,Total,2BEE_compound_8,RNA
29.190252,-11.416661,Strat,2B57_7-Deazaguanine,RNA
50.070705,6.7193017,Total,3SUH,RNA
35.825813,-10.324452,Total,2G5K,RNA
22.411383,-4.842023,Total,6VA2_Neamine,RNA
36.063374,-11.444538,Total,7DWH,RNA
-12.4102,30.728334,Total,1PBR_Bifunctional_aminoglycoside_derivative_7,RNA
20.605528,27.481363,Strat,1PBR_Neamine_derivative_15,RNA
-18.85355,39.6667,Total,5XI1_Rhodamine,RNA
48.380898,4.8460813,Total,6BFB,RNA
-16.825825,-34.805584,Total,2O3X,RNA
-2.0784066,-17.872509,Total,1MWL,RNA
47.606815,4.4241753,Total,5XI1_Enrofloxacin,RNA
27.358967,-29.631971,Total,5C7W,RNA
-9.300894,-23.46814,Total,6C63,RNA
6.7052383,-14.073988,Total,6WZR_Compound13,RNA
-29.025557,8.2085285,Total,4NYC,RNA
-25.878347,0.5727724,Total,8HZJ,RNA
-16.122746,-10.565507,Total,1UUI_sisomicin,RNA
-13.689789,0.74509203,Total,2BEE,RNA
-18.764223,0.17306672,Total,4ERJ_lysine-glycine,RNA
-10.422854,-4.2534723,Total,5UEE,RNA
-19.37535,2.5263574,Total,7MKT,RNA
-20.217562,3.5794365,Strat,1PBR_2-nitro-5-(piperazin-1-yl)-N-(2-(o-tolyloxy)ethyl)aniline,RNA
-19.67744,-0.99100816,Total,4NYD,RNA
-14.8839445,-6.6970563,Total,6C64,RNA
-16.667953,-5.7718077,Total,2KU0,RNA
-13.826064,-5.889159,Total,7A3Y_COP,RNA
-13.075821,-7.4607615,Total,4ERJ_N-ε-iminoethyl_lysine,RNA
-18.478834,2.0282362,Total,1PBR_Spiro-compound_5,RNA
-12.193042,-10.374638,Total,4LVW,RNA
-14.455237,1.0591162,Total,1UUI_WM5,RNA
-12.155522,-10.498998,Total,1ZZ5_paromomycin,RNA
-21.724976,2.960858,Strat,1PBR_dihydroquinoline-3-carboxamide_derivative,RNA
-10.608522,-6.4952006,Total,1EVV_Paromomycin_mol_mol,RNA
-12.025493,-6.555812,Total,1PBR_2-(hydroxymethyl)-5-(5-phenyl-4-(quinolin-3-yl)-1H-imidazol-2-yl)phenol,RNA
-19.13419,3.0887272,Total,7OAV,RNA
-20.024418,0.65831286,Total,8YAM_Compound_9,RNA
-14.256428,0.9983112,Strat,8D28_caffeine,RNA
-15.461772,0.52384967,Total,4ZNP,RNA
-15.923661,-7.828084,Total,8XZW_folic_acid,RNA
-14.398979,0.4454253,Total,6QN3,RNA
-24.48159,1.1339732,Strat,7OA3,RNA
-13.134681,-7.6756973,Total,4LVY,RNA
-21.933834,0.038345434,Total,1PBR_Neamine_mimic_4,RNA
-16.611536,-5.0904803,Total,2HOM,RNA
13.190178,-8.883011,Total,7OAX,RNA
13.137531,-8.854083,Total,8YAM_Compound_7,RNA
13.549346,-8.667475,Total,4ERJ_N-ε-formyl_lysine,RNA
29.37879,-21.90411,Total,2HOJ,RNA
28.682053,-21.00928,Strat,"4LVZ_6,7-dimethyl-tetrahydrobiopterin",RNA
31.312592,-21.015207,Total,1PBR_Neamine_mimic_3,RNA
31.623718,-23.054672,Total,5UED,RNA
28.36552,-21.771927,Total,5XI1_Puerarin,RNA
29.088228,-23.550993,Total,5XI1_Nitidine_Cl,RNA
29.665127,-22.747734,Total,6C65,RNA
32.989487,-24.240473,Total,8HZL,RNA
29.400434,-20.270395,Total,5XI1_Paromomycinsulphate,RNA
27.248032,-21.612806,Strat,5C45_FMN,RNA
18.06562,-6.3100944,Total,5C45,RNA
17.633825,-6.6730404,Total,7D12,RNA
29.277359,-16.145893,Total,8HZK,RNA
-14.087149,-3.2022288,Total,6WZR_Compound12,RNA
25.965866,-23.052208,Total,4NYB,RNA
26.689594,-24.239542,Total,1UUI_Usnic_acid,RNA
35.373756,-28.186653,Total,1EVV_Delfinidin,RNA
35.135574,-27.471224,Total,1PBR_Neamine_derivative_14,RNA
34.05681,-27.970379,Total,1PBR_Bifunctional_aminoglycoside_derivative_6,RNA
35.264446,-27.738123,Total,5V0K,RNA
3.0975358,10.198327,Total,1UUI_Compound_3ab,RNA
27.592308,-17.951096,Total,1Y27_purine,RNA
14.424016,-24.131023,Total,8XZW_Folinic_acid,RNA
13.81968,-24.310587,Strat,7XD5_6-guanidinic_caproic_acid,RNA
14.812546,-21.537523,Total,8HZE,RNA
14.773827,-21.738771,Total,3GAO,RNA
14.258219,-22.43648,Total,1PBR_Bifunctional_aminoglycoside_derivative_1,RNA
14.604214,-22.911121,Total,8OLV,RNA
14.546383,-23.44847,Strat,1PBR_Neamine,RNA
14.040185,-23.907736,Total,3Q3Z,RNA
22.595793,-21.648472,Total,2O3W,RNA
33.52938,-22.947155,Total,"1UUI_N,N-dimethyl-3-(2-(trifluoromethyl)-10H-phenothiazin-10-yl)propan-1-amine",RNA
32.258568,-19.50602,Total,6BFB_roseoflavin,RNA
28.900494,-16.574612,Total,1PBR_Neomycin,RNA
30.264528,-18.701168,Total,7RWR,RNA
31.343765,-18.40641,Total,7A3Y,RNA
-17.910728,-3.2183986,Total,2XO1,RNA
10.373551,-5.9600515,Total,1PBR_Ether_paromomycin_derivative_1,RNA
12.108687,-5.1364045,Total,1PBR_Spiro-ether_compound_7,RNA
11.901811,-5.231685,Total,4Q9Q_MFHBI,RNA
18.704243,-4.7086077,Strat,1PBR_Aminoglycoside_derivative_1,RNA
-20.959843,-0.29668275,Total,3SKL,RNA
-11.544034,-6.490671,Total,3MUV,RNA
-23.14219,3.5337083,Total,3TZR_Compd_35,RNA
-20.643946,2.492548,Total,6VA2_Compound10,RNA
-20.050646,3.386104,Total,4TS0,RNA
-19.200232,2.9303534,Total,8D28_Compound_12,RNA
-20.08876,4.9586635,Total,1PBR_Aminoglycoside_derivative_6,RNA
-16.110872,-10.571316,Total,8XZN,RNA
-18.923908,3.6226952,Total,"1PBR_pyran-3,4-diol_derivative",RNA
-21.946253,1.3131298,Strat,1AJU_agmatine,RNA
-20.62634,-1.2204412,Total,3TZR_Compd_32,RNA
16.847084,-8.678194,Total,6UBU_8-aminohypoxanthine,RNA
13.175378,-3.406207,Total,1PBR_benzimidazole_analog_rRNA_45,RNA
9.503544,-42.361996,Total,4KQY,RNA
11.161879,-4.3309193,Total,1PBR_Perazidoparomomycin_derivative_2,RNA
12.32279,-4.071327,Total,7XD5_l_arginine_methyl_ester,RNA
24.180872,-19.848335,Total,1YRJ,RNA
9.188304,-42.946587,Total,6UP0,RNA
5.253587,8.865587,Total,8D28_Compound_23,RNA
5.316897,8.82377,Total,5NPM,RNA
9.429852,-42.622402,Total,"1PBR_N,N,4-trimethylquinolin-2-amine",RNA
24.485607,-19.139118,Total,1PBR_methylpyridine_der_1,RNA
9.343295,-42.503223,Total,1EHT_cafffeine,RNA
23.464403,-16.048826,Total,7TZS_Molecule_12,RNA
24.422453,-20.675398,Total,1PBR_Perazidoparomomycin_derivative_5,RNA
23.627378,-21.943375,Total,1PBR_Benzimidazole_16S_A-site_RNA,RNA
20.478376,-8.22667,Total,8RUJ,RNA
19.057045,-8.481984,Total,7XD5_Neomycin,RNA
19.119307,-8.269681,Total,5XI1_Amodiaquine_di_Hcl,RNA
19.950209,-8.125753,Total,1PBR_methylpyridine_der_6,RNA
19.715769,-7.3545117,Total,"1PBR_2-N,2-N,4-trimethylquinoline-2,7-diamine",RNA
22.040152,-9.639401,Total,8D28_Compound_24,RNA
21.274052,-8.643103,Total,1PBR_Aminoglycoside_derivative_33,RNA
21.76798,-9.403807,Total,1PBR_Aminoglycoside_derivative_8,RNA
29.370367,-17.512873,Total,3MUM,RNA
-13.272154,-3.8665514,Strat,1PBR_Perazidoparomomycin_derivative_16,RNA
23.248571,27.06252,Total,2LWK,RNA
29.733784,-17.196766,Total,1PBR_benzimidazole_analog_rRNA_29,RNA
30.801336,-16.692526,Total,3S4P_17,RNA
32.21725,-22.418507,Total,1UUI_DB60,RNA
33.30039,-21.808565,Total,1EVV_TMAP,RNA
32.09991,-21.362429,Total,3S4P_28,RNA
33.902832,-18.68845,Total,8T5O,RNA
27.590897,-19.73404,Total,8XZR,RNA
32.31427,-22.444016,Total,1PBR_benzimidazole_analog_rRNA_16,RNA
13.213478,-41.58688,Total,4LVZ_Lometrexol,RNA
33.231224,-18.649796,Total,6UBU_N2-isobutyrylguanine,RNA
35.0292,-20.676132,Total,1Q8N,RNA
30.845228,-20.234163,Total,1PBR_Perazidoparomomycin_derivative_11,RNA
33.071392,-20.231682,Total,3DIX,RNA
13.198763,-41.588696,Total,3NPQ_Adenine,RNA
30.897577,-24.028349,Strat,1PBR_benzimidazole_analog_rRNA_11,RNA
34.84792,-20.786507,Total,1UUI_Butirosin,RNA
30.247532,-21.296738,Total,1AJU_l-citrulline,RNA
29.70096,-20.85754,Total,8R62,RNA
32.257862,-16.806042,Strat,1PBR_benzimidazole_analog_rRNA_18,RNA
37.823376,-22.354298,Total,3S4P_26,RNA
30.528738,-17.814863,Total,4RZD,RNA
30.39429,-20.088821,Total,1PBR_Perazidoparomomycin_derivative_27,RNA
30.723047,-19.390995,Total,7XD5_L_arginine,RNA
37.829205,-22.344341,Total,3S4P_19,RNA
16.419662,-6.8819733,Total,1PBR_benzimidazole_analog_rRNA_27,RNA
17.040178,-6.1538134,Total,1PBR_Perazidoparomomycin_derivative_18,RNA
15.812451,-7.7039843,Total,1PBR_Perazidoparomomycin_derivative_20,RNA
16.146816,-7.760416,Total,1LVJ,RNA
16.289745,-8.3253,Total,1UUI_chloro_methylpiperazinyl_propyl_phenothiazine_der,RNA
10.966549,-43.18368,Total,5XI1_Palmatin_Chloride_Hydrate,RNA
12.08842,-42.695187,Total,7KVT,RNA
11.467143,-43.232475,Total,5XI1_DAPI,RNA
16.250813,-5.0652943,Strat,7SXP_Compound_24,RNA
14.468802,-6.072479,Total,4QLM,RNA
14.183458,-4.763498,Total,1PBR_Halogen_substituted_benzimidazole,RNA
13.472486,-5.611552,Total,1RAW,RNA
14.498046,-4.349389,Strat,7TZS_Molecule_13,RNA
14.434075,-4.6145687,Total,1UUI_S-Amino_acid_conjugate_1b,RNA
15.628198,-3.5984805,Total,1PBR_Perazidoparomomycin_derivative_4,RNA
15.056041,-4.54542,Total,8D28_Compound_25,RNA
16.569857,-3.3414662,Total,1PBR_Aminoglycoside_derivative_9,RNA
22.498493,27.542585,Total,3FO4,RNA
35.02422,-17.924572,Total,1UUI_10-(3-(dimethylamino)propyl)-10H-phenothiazin-4-ol,RNA
29.588497,-14.963372,Total,1PBR_methylpyridine_der_7,RNA
-12.240634,-3.9135673,Total,7TZS_Molecule_14,RNA
-13.171647,-4.704904,Total,"1PBR_4,6-bis(piperidin-1-ylmethyl)-2-p-tolylpyridin-3-ol",RNA
-13.44901,-4.4514546,Strat,1PBR_Perazidoparomomycin_derivative_3,RNA
-15.619404,-2.591127,Total,1PBR_benzimidazole_analog_rRNA_44,RNA
-16.877594,-3.0670962,Total,1BYJ_Gentamicin_c1,RNA
8.20397,-42.86403,Total,1PBR_Spiro-ether_compound_8,RNA
-16.88508,-2.9838784,Total,8D28_Compound_22,RNA
-15.398335,-1.7541553,Total,1PBR_Spiro-ether_compound_1,RNA
-14.49999,-1.2950913,Total,8XZO,RNA
-14.592701,-1.8984451,Total,3TZR_Compd_33,RNA
-18.485308,4.3873835,Total,7E9I_PreQ1,RNA
8.778231,-45.252136,Strat,8D28_Compound_14,RNA
9.200886,-46.78118,Total,7WIE_6-Biopterin,RNA
9.4817,-46.27807,Total,2XO0,RNA
-37.211002,7.3370986,Total,4ERJ,RNA
-39.113037,6.0564556,Total,1PBR_Spiro-ether_compound_6,RNA
-36.57259,9.233121,Total,6VA2_Compound11,RNA
-36.187416,8.651211,Total,8D28_Compound_13,RNA
-35.587574,8.018919,Total,5XI1_Tetracycline_Hcl,RNA
-36.37678,7.3767195,Total,7Q81_guanine,RNA
-35.683784,7.2869825,Total,2TOB,RNA
-35.778687,6.3762045,Total,3TZR_Compd_34,RNA
-11.222751,-3.682062,Total,3S4P_20,RNA
-36.69822,8.514818,Total,7XD5_deoxy_Guanosine,RNA
-37.396664,9.010028,Strat,1PBR_Perazidoparomomycin_derivative_21,RNA
-36.49287,6.8220224,Total,1PBR_benzimidazole_analog_rRNA_21,RNA
-41.252064,-1.2665505,Total,1UUI_DMA-179,RNA
-12.910584,-1.807588,Total,4KQY_SAH,RNA
-12.452443,-1.809157,Strat,5XI1_Myricetin,RNA
-12.633362,-2.9587677,Total,7SXP_Compound_25,RNA
-12.363678,-2.2440014,Total,6TFE,RNA
-12.119567,-4.019014,Total,1PBR_Perazidoparomomycin_derivative_26,RNA
-22.976755,5.127512,Total,8R63,RNA
-21.997843,4.4864006,Total,1PBR_Perazidoparomomycin_derivative_19,RNA
-12.353821,-6.039424,Total,4K31_Apramycin,RNA
-20.321995,0.2657917,Total,3E5F,RNA
-17.348053,3.2966404,Total,7XD5_creatinine,RNA
-17.398434,2.4080732,Strat,1PBR_benzimidazole_analog_rRNA_26,RNA
-16.494951,3.5749457,Total,1PBR_Perazidoparomomycin_derivative_10,RNA
-15.699,3.0784478,Strat,1UUI_DMA-177,RNA
-17.031837,3.6564636,Total,6HBT_guanidine,RNA
-16.814543,2.815248,Total,1PBR_benzimidazole_analog_rRNA_28,RNA
28.027184,-17.209522,Total,3S4P_16,RNA
11.543939,-12.669485,Total,4ERJ_Methyl-ester_lysine,RNA
-17.029,-34.71247,Total,1UUI_dimethylamino_propyl_phenothiazin_der_2,RNA
29.057816,-11.446408,Total,1PBR_Perazidoparomomycin_derivative_17,RNA
27.342524,-14.90851,Total,3S4P_29,RNA
26.891033,-14.361767,Total,"5XI1_9_amino_1,2,3,4-Tetrahydro_acridine",RNA
24.341373,-13.409841,Total,1PBR_benzimidazole_analog_rRNA_17,RNA
6.8104386,-27.34432,Total,1PBR_benzimidazole_analog_rRNA_35,RNA
-36.811115,-18.316362,Total,2MIY,RNA
-34.604954,-18.305391,Total,1PBR_Piperidine_aminoglycoside_16S__A_site_RNA_mimic_1,RNA
-34.921936,-19.007448,Total,7WIF,RNA
-36.92916,-18.35874,Total,2B57,RNA
6.6634016,-14.044274,Total,1UUI_choro_imidazole_phenothiazine_der,RNA
21.739876,4.199495,Total,"2G9C_2,4,6-triamino-1,3,5-triazine",RNA
27.89153,-9.923981,Total,1PBR_Azepane_aminoglycoside_mimic_1,RNA
1.091822,-25.09264,Total,7XD5_L-Leucyl_-L-Arginine,RNA
0.39421222,-20.809809,Total,1PBR_tetraene_mol,RNA
0.38630342,-20.940443,Total,1PBR_benzimidazole_analog_rRNA_32,RNA
-28.255646,5.3713813,Total,"1PBR_4-hydroxy-2-oxo-N-(3-(piperidin-1-yl)propyl)-1,2-dihydroquinoline-3-carboxamide",RNA
-32.224728,5.2699614,Total,1PBR_DIONE_DERIVATIVE,RNA
-32.91591,6.609832,Total,7SXP_Compound_8,RNA
-31.444914,5.556248,Total,1PBR_benzimidazole_analog_rRNA_9,RNA
-29.998915,4.631282,Total,3S4P_33,RNA
-30.766708,4.642996,Total,"6UBU_pyrimido[1,2-a]purin-10(1H)-one",RNA
-29.580015,4.3726296,Total,2G5K_Paromamine,RNA
-25.90665,4.0744076,Total,6UC7_PC1,RNA
-25.452328,5.1590157,Total,1EVV_T4MPyP,RNA
-28.107447,4.056986,Total,1QD3_Neomycin_B,RNA
25.821602,-16.932188,Strat,8EYV,RNA
9.276078,-0.031093698,Total,1UUI_ST4133609,RNA
-34.372307,4.6294537,Total,8XZW_5-methyl-THF,RNA
25.754932,-16.894888,Total,1PBR_Deoxy_fluoro_paromomycin,RNA
10.699178,-1.4684337,Total,1PBR_benzimidazole_analog_rRNA_7,RNA
-7.2786355,-28.798412,Total,7SXP_Compound_6,RNA
-7.2999654,-28.967085,Total,5XI1_Sisomicin_Sullphate,RNA
14.568169,-17.144295,Total,5XI1,RNA
-8.192143,-31.930088,Total,1UUI_DB75,RNA
-9.596496,-34.44244,Strat,3TZR_Compd_42,RNA
-7.301625,-33.804783,Total,"5XI1_4-[5-(1,2,4-triazol-1-ylmethyl)-2,4-triazol-3-yl]pyridine",RNA
-7.065035,-32.84385,Total,8D28_Compound_31,RNA
-6.8179784,-33.30884,Total,7TZS_Molecule_4,RNA
-6.4882045,-33.509045,Total,5XI1_2-(4-thiocarbamoylphenyl)benzimidazole,RNA
-6.053977,-32.717583,Total,1PBR_Aminoglycoside_derivative_19,RNA
-8.395504,-33.51564,Total,8YAM,RNA
1.7678403,-16.537518,Total,2HOM_methyl_N-(4-acetylphenyl)carbamate_derivative,RNA
-14.508377,23.32127,Total,2L94,RNA
27.487795,-16.478197,Total,7XD5_L-2-Amino-4-guanidinic_butyric_acid,RNA
-23.276892,-1.5580161,Total,7TZS_Molecule_3,RNA
10.695305,-1.4627092,Total,8D28_Compound_36,RNA
-8.857509,-37.81038,Total,1AJU_DMA-182,RNA
-8.853781,-37.837456,Total,1PBR_4-methylquinolin-2-amine,RNA
-8.798649,-35.39956,Total,1PBR_Aminoglycoside_derivative_17,RNA
-40.318478,4.673958,Total,6VA2_Compound3,RNA
8.601272,-43.528133,Total,4K31,RNA
-32.116486,3.4424849,Total,1AJU_DMA-176,RNA
1.570682,-13.949305,Total,6XB7,RNA
-7.481724,9.099761,Strat,7TZS_Molecule_36,RNA
-7.4697776,-7.7166815,Total,7XD5_2-Guanidinio_Succinic_Acid,RNA
-33.03618,6.907954,Total,4TS2_DBrHBI,RNA
-32.16633,4.4195538,Total,1PBR_Aminoglycoside_derivative_10,RNA
-32.742344,5.0215316,Strat,4ERJ_Lysine,RNA
-31.056473,7.150658,Total,3IRW,RNA
-28.449453,5.4129596,Strat,7XD5_L-ORNITHINE,RNA
-26.83754,2.9972496,Total,1UUI_Mitoxantrone,RNA
-26.447231,3.7011802,Strat,4FE5_2-Amino-N6-Hydroxyadenine,RNA
-27.653543,3.1316166,Total,4YB1,RNA
23.47024,-12.825386,Total,"8D28_1,3-dimethyluric_acid",RNA
-14.120846,-23.900545,Total,4ZC7_G418,RNA
-3.6915944,36.867085,Strat,1UUI_Argininamide,RNA
-6.300738,32.197113,Total,8R8P,RNA
-0.89158696,29.490347,Total,4ERJ_N-ε-methyl_lysine,RNA
-2.4624484,31.207022,Strat,1PBR_benzimidazole_analog_rRNA_6,RNA
48.201393,3.9171188,Total,7SXP_Compound_7,RNA
-35.550823,-30.237476,Total,3TZR_Compd_43,RNA
49.87567,5.800939,Total,1UUI_DMA-191,RNA
22.450638,-33.42024,Total,3SLM,RNA
-36.105133,-24.375683,Total,1PBR_benzimidazole_analog_rRNA_1,RNA
50.8201,5.9812374,Total,7WII,RNA
6.3548875,-1.4379368,Total,4K31_G418,RNA
27.60372,8.434306,Total,1PBR_benzimidazole_analog_rRNA_33,RNA
-36.31275,-23.25904,Total,1F1T_malachite_green,RNA
-33.40444,-22.279203,Total,1EHT,RNA
-4.2154994,36.427155,Total,1PBR_Tobramycin,RNA
-3.9220269,27.99829,Strat,7XD5_Guanidinic_Formic_acid,RNA
-1.9370843,30.790741,Total,1PBR_benzimidazole_analog_rRNA_8,RNA
-3.000307,27.68117,Total,7SXP_Abemaciclib,RNA
-3.1367164,28.314512,Total,5XI1_Tobramycin_Sulphate,RNA
50.123413,2.5019376,Total,"1PBR_N1-(3,7-dimethoxynaphthalen-1-yl)pentane-1,4-diamine",RNA
50.29658,1.9385029,Total,1UUI_cpd25,RNA
38.84923,-12.317899,Total,1PBR_benzimidazole_analog_rRNA_34,RNA
48.71821,5.0446196,Total,6VA2_Guanidinoamine,RNA
47.211567,4.8475757,Total,8ABD_NDI-DM,RNA
50.101906,4.486501,Total,4YB0,RNA
49.232887,4.570217,Total,7WI9,RNA
48.210735,2.203439,Strat,6VA2_Compound2,RNA
48.40468,2.1518948,Total,1PBR_Aminoglycoside_derivative_16,RNA
52.178123,4.807007,Total,3LA5,RNA
51.28005,3.6087143,Total,1EVV_Kirromycin,RNA
22.78507,-4.7710657,Total,7TZS_Molecule_2,RNA
-4.6681886,34.438427,Total,5XI1_Rutin,RNA
0.29427812,30.288424,Total,1PBR_Aminoglycoside_derivative_20,RNA
0.8408471,31.056965,Total,2XNW,RNA
-3.4907892,29.207222,Total,1UUI,RNA
25.567148,12.237267,Strat,4JF2,RNA
0.33153743,44.764587,Total,1PBR_Quinolinyl_DOS_paromomycin_der_1,RNA
15.341751,4.593496,Total,7TZS_Molecule_39,RNA
15.434872,4.662231,Total,8D28_1-carboxypropyl_theophylline,RNA
-37.049904,-21.283146,Total,8D28_Compound_30,RNA
-30.192644,-20.114384,Total,1UUI_CMC3-2_Hoechst33258,RNA
24.89851,12.845783,Total,7TZS_Molecule_5,RNA
-3.6254392,3.1165164,Total,4YAZ,RNA
24.361687,12.966714,Total,1PBR_Aminoglycoside_derivative_18,RNA
10.649284,5.6198,Total,1J7T_Paromamine,RNA
8.847039,-19.022528,Total,"6UBU_4,6,7,8-tetrahydro-8-hydroxy-6-methylprimido[1,2-a]purin-10(3H)-one",RNA
8.932647,-18.823122,Total,7XD5_4-guanidinic_butyric_acid,RNA
22.028172,12.72756,Total,7TDA,RNA
-19.267504,-26.039555,Total,1PBR_Diamino_piperidinyl_triazine_8,RNA
-19.934004,-25.751534,Total,3TZR_Neomycin_B,RNA
-20.014874,-26.501188,Total,1PBR_Ethyl_paromomycin_derivative_2,RNA
-19.117876,-25.634098,Total,6VA2_Amatantrone,RNA
-34.444855,-2.8971865,Total,6DMC_PRPP,RNA
-20.324984,-25.750586,Total,5XI1_Levofloxacin,RNA
-19.185751,-26.397991,Total,7XD5_Guanyl-Urea,RNA
-20.293987,-25.276693,Total,6DME,RNA
-20.689955,-27.082785,Total,8OM0,RNA
4.3688765,-20.187887,Total,6E1S,RNA
0.57606727,-7.9481597,Strat,3D0U,RNA
0.656256,-8.282291,Total,4ERJ_ethyl-ester_lysine,RNA
0.80498505,-8.310006,Total,4W90,RNA
2.5080028,-8.463381,Total,8D2B,RNA
0.18270005,-18.296371,Total,1PBR_Neamine_derivative_6,RNA
1.7566615,-24.214273,Total,8XZW_6-Biopterin,RNA
1.738919,-24.22231,Total,1PBR_Diamino_piperidinyl_triazine_1,RNA
-16.640335,-31.816961,Total,6E8U_TO3-Biotin,RNA
7.334045,-0.7142225,Total,6YLB,RNA
-3.7812169,22.35489,Total,7EOM,RNA
0.089718916,-19.889523,Total,1UUI_hydroxymethyl_piperidinyl_butyl,RNA
-2.8646247,-4.866597,Strat,1PBR_Acyclic_DOS_mimic_2_naphthyl_substituent,RNA
30.895638,-8.420548,Total,1PBR_Diamino_piperidinyl_triazine_6,RNA
-15.194972,-25.68433,Total,1PBR_Neamine_derivative_1,RNA
-3.797672,22.803955,Total,1PBR_Heterocyclic_paromomycin_derivative_2,RNA
-14.335537,-32.88845,Total,3LA5_ligand_3,RNA
-14.323236,-31.602798,Total,1NEM,RNA
3.5326123,-7.270644,Total,1UUI_Acetylpromazine,RNA
-0.064127,-7.8894467,Total,7XD5_L-_L_lysine,RNA
0.11781871,-8.23639,Total,7ELP,RNA
3.4308705,-8.732435,Total,7XD5_L-citrulline,RNA
27.220829,-29.766914,Total,6E8U,RNA
27.083714,-29.888212,Total,1PBR_Spiro-ether_compound_10,RNA
5.6524234,-14.9631195,Total,7SXP_Hit_S8,RNA
24.655584,17.41088,Strat,7SXP_NRAS_SAR_6,RNA
48.68601,5.6897407,Total,1UUI_Amikacin,RNA
7.026477,-14.541434,Total,3NPN,RNA
51.33273,1.4114254,Total,2ET3,RNA
42.24671,-14.211603,Total,1PBR_3-(azepan-1-ylmethyl)-2-methylquinolin-4-ol,RNA
42.336792,-14.113912,Total,6WZR_Compound5,RNA
1.491437,44.839626,Total,4LX5,RNA
-4.5419474,36.79495,Strat,2ET4,RNA
-4.6227455,34.144558,Total,6DN3,RNA
-3.754816,34.19646,Total,7XD5_L-Canavanine,RNA
-2.5707026,36.73934,Total,6YL5,RNA
-18.64937,39.069916,Strat,6WZR_Compound2,RNA
22.44457,-33.425842,Total,6DB8,RNA
-34.221516,-30.656841,Total,1PBR_Quinolinyl_DOS_der,RNA
-32.41629,-13.657784,Total,3GOT,RNA
14.290141,14.9320345,Total,3FO4_6-methylaminopurine,RNA
14.932471,15.142981,Total,6UBU_O6-benzylguanine,RNA
5.474735,22.790216,Total,7EOL,RNA
17.468708,12.026506,Total,1PBR_Diamino_piperidinyl_triazine_7,RNA
-2.534575,2.3565683,Total,1PBR_Heterocyclic_paromomycin_derivative_3,RNA
8.712772,-13.4084835,Total,6UBU_N2-pivaloylguanine,RNA
-4.1474204,9.674391,Total,6QIQ,RNA
-4.9635115,9.463631,Total,7EOK,RNA
-1.7257313,29.959146,Total,1PBR_Heterocyclic_paromomycin_derivative_4,RNA
-7.83304,30.281546,Total,2B57_Adenine,RNA
-4.2629433,37.147602,Total,4GMA,RNA
-10.055476,30.764301,Total,1PBR_Neamine_derivative_7,RNA
-5.108015,36.184933,Total,1EVV_Quercetin,RNA
30.446453,9.305678,Total,1EVV_Tobramycin,RNA
-6.4453254,-9.172772,Total,1PBR_Diamino_piperidinyl_triazine_9,RNA
-7.861346,30.401533,Total,1I9V,RNA
-7.2300735,36.23214,Total,2MNE_thiazotrop-sin_B,RNA
-5.7301307,25.79753,Total,2KX8,RNA
29.985012,13.605303,Strat,6DMD,RNA
29.933743,13.649336,Total,1PBR_Neamine_derivative_30,RNA
30.596884,9.535809,Total,1AJU_L-Lysine,RNA
17.439976,12.056677,Total,3DS7,RNA
17.425123,11.958443,Total,6DMC,RNA
0.1364982,4.583641,Total,2FD0,RNA
3.6740615,15.913919,Total,6E1U,RNA
14.3539,5.4379907,Total,7XD5_UREA,RNA
13.901558,5.5436473,Total,6DN2,RNA
30.58906,12.820941,Total,3S4P,RNA
2.0730615,1.67504,Total,6HMO,RNA
30.801792,10.177947,Total,4Q9Q,RNA
-38.24255,-10.834854,Strat,2ET5,RNA
-38.24255,-10.837424,Total,6WZR_Compound3,RNA
50.49639,2.2815092,Total,8D28_Compound_3,RNA
40.587864,-12.630843,Total,5BJP,RNA
39.785328,-13.441101,Total,"1PBR_4-pyridineacetamide,_N-_[2-_(dimethylamino)-4-methyl-7-quinolinyl]",RNA
38.355938,-13.732017,Total,9CPI,RNA
37.424976,-13.176172,Total,8D28_Compound_4,RNA
40.08725,-14.037108,Total,7EOP,RNA
39.62047,-14.728172,Total,6WZR_Compound4,RNA
40.2707,-16.094732,Strat,4LW0,RNA
37.014065,-27.443302,Total,6E81,RNA
37.224533,-14.484744,Total,1PBR_apramycin,RNA
38.556076,-15.3920965,Total,1UUI_Neomycin,RNA
38.81453,-13.316362,Total,3L3C,RNA
-28.942726,-33.86,Total,1PBR_Paromomycin,RNA
-27.874325,-33.3766,Total,6E8T,RNA
3.492375,20.15468,Total,1UUI_3_phenothiazine_analog_1,RNA
4.592674,23.075764,Total,7XD5_L-homoarginine,RNA
23.920675,14.765946,Total,6E8S,RNA
3.3695273,18.905708,Total,1EVV_Neomycin,RNA
4.8406754,19.348131,Total,5XI1_Lamivudine,RNA
-29.060448,-33.89956,Strat,9CPG,RNA
40.402092,-8.885243,Total,1LC4,RNA
41.843544,-9.142061,Total,7ELQ,RNA
39.919495,-8.850819,Total,1PBR_Neamine_derivative_29,RNA
42.92367,-11.388501,Total,5XI1_Kaempferol,RNA
40.880116,-11.064427,Strat,8OLS,RNA
41.39347,-11.167593,Total,1PBR_Bifunctional_aminoglycoside_derivative_4,RNA
42.221226,-10.752321,Total,2G9C,RNA
42.02908,-10.335471,Total,7SXP_NRAS_compound_1,RNA
40.93061,-10.061455,Total,"1PBR_6,7-dimethyl-1H-1,3-benzodiazol-2-amine",RNA
43.0688,-9.134065,Total,6IZP,RNA
41.62736,-9.72891,Total,7XD5_N_Benzoyl-L-Arginine_Ethyl_Ester,RNA
-10.5459385,-35.161995,Total,2AU4,RNA
40.857746,-10.537862,Total,7XD5_L-2-Hydroxy-5-Guanidic_valericacid,RNA
38.897747,-8.312281,Total,1PBR_Bifunctional_aminoglycoside_derivative_3,RNA
-37.23483,-16.52521,Total,5V3F,RNA
-35.422813,-22.9895,Total,7SXP_Valnemulin,RNA
-33.145493,-21.825787,Strat,1PBR_Neamine_derivative_18,RNA
-35.96699,-22.674614,Total,"1UUI_3-(4-methoxy-10H-phenothiazin-10-yl)-N,N-dimethylpropan-1-amine",RNA
-27.313576,-35.79751,Total,6YMM,RNA
-26.987818,-32.973747,Total,"1PBR_8-bromo-3-(2-(piperazin-1-yl)ethyl)-3H-pyrimido[5,4-b]indol-4(5H)-one",RNA
-26.90211,-32.80959,Total,7XD5_Ethyl_Guanidinium,RNA
-27.027254,-33.070007,Total,1PBR_Neamine_derivative_27,RNA
-27.194973,-32.61603,Total,1FMN,RNA
-26.592257,-35.761765,Total,4NYG,RNA
-26.585413,-35.665245,Total,7A3Y_PAM,RNA
-26.543829,-35.629047,Total,"1PBR_5,6-dimethyl-1H-1,3-benzodiazole",RNA
2.8662796,43.886616,Total,8OLZ,RNA
-18.491837,-18.622736,Strat,1DDY,RNA
13.04637,15.021911,Total,3F4H,RNA
10.409493,10.363033,Total,3F2Q,RNA
12.020424,10.278432,Total,1UUI_N_N_dimethyl_amiloride,RNA
9.706969,12.198134,Total,1PBR_Bekanamycin,RNA
11.257621,10.416036,Total,6WZR_Compound10,RNA
11.832996,10.845781,Total,5XI1_Thiazole_Orange,RNA
11.584846,11.106158,Total,4Q9Q_FBI,RNA
11.786644,10.501361,Total,1PBR_Neamine_derivative_20,RNA
9.716904,12.200668,Total,7U0Y,RNA
11.223785,10.07609,Total,6DLQ,RNA
5.312715,33.189953,Total,1PBR_Ligand3_16S_A-site_RNA,RNA
-3.468279,28.157942,Total,8YAM_Compound_2,RNA
17.296219,-30.515694,Total,1PBR_Neamine_mimic_6,RNA
-34.93431,-10.5838785,Strat,2HOO,RNA
21.677528,-27.754452,Total,2HOM_N6-1-Iminoethyl-L-lysine,RNA
17.307835,-30.51603,Strat,7D7W,RNA
-18.604269,39.71205,Total,1QD3_gentamicin_mol,RNA
31.048828,-8.96391,Total,3TZR_IRAB,RNA
36.864918,-9.804233,Total,1PBR_7-hydroxy-3-(2-methoxyphenyl)-8-(piperidin-1-ylmethyl)-4H-chromen-4-one,RNA
36.296253,-9.587825,Total,8YAM_Compound_5,RNA
39.14759,-12.100294,Strat,7XD5_D_arginine,RNA
30.157183,-10.225064,Total,"1PBR_3-methyl-7-(2-(piperidin-1-yl)ethyl)-1H-purine-2,6(3H,7H)-dione",RNA
0.9397398,44.872284,Total,1PBR_Acyclic_DOS_mimic_3_benzyl_substituent,RNA
17.120972,7.189857,Total,2XNW_compund_28,RNA
0.1474559,44.708145,Total,1UUI_Xanthinol,RNA
3.3160486,20.017094,Total,1PBR_Neamine_mimic_1,RNA
-11.863703,28.823221,Total,1PBR_Spiro-compound_7,RNA
4.7551937,19.357603,Strat,1PBR_Neamine_mimic_8,RNA
0.43479964,15.863302,Total,7D81,RNA
-5.080184,38.769123,Total,4ERJ_N-ε-acetyl_lysine,RNA
-2.7169292,29.78477,Total,6OD9_Compound9,RNA
-0.007355104,28.853558,Total,2FCY,RNA
12.537679,29.584158,Total,1UUI_S-Amino_acid_conjugate_13b,RNA
-12.157561,28.352272,Total,7SXP_NRAS_SAR_24,RNA
13.159381,29.343351,Total,1UUI_DMA-205,RNA
12.482175,29.642511,Total,5XI1_Tartrazine,RNA
-5.0562725,38.856754,Total,2GIS_S-adenosyl_methionine,RNA
-5.8939366,36.362278,Total,2ESI,RNA
5.3851304,10.62599,Total,7SZU,RNA
-21.555515,12.114543,Total,8D5O,RNA
-21.677652,12.251339,Total,1ET4,RNA
-11.080367,-0.11269009,Total,"1PBR_1H-1,3-benzodiazol-2-amine",RNA
-11.990036,14.267095,Total,4LVZ_8-aminoadenine,RNA
-11.666873,15.997734,Total,5KX9,RNA
-12.52696,15.53316,Strat,3NPQ_ATP,RNA
-12.932027,15.164443,Total,8F0N,RNA
-12.435313,15.720212,Total,1PBR_Nitro_substituted_benzimidazole_16S_A-site_RNA,RNA
-16.788403,-15.747552,Total,4NYA,RNA
28.710358,7.018172,Total,5UEG,RNA
29.365461,7.1483626,Total,6YML,RNA
28.821093,7.042679,Total,1PBR_Neamine_derivative_19,RNA
15.825077,21.272722,Total,"4LVZ_6-hydroxy-2,4,5-triaminopyrimidine",RNA
-3.6729925,23.179146,Total,6GZK,RNA
-11.690984,17.014654,Total,1PBR_Neamine_derivative_26,RNA
-38.18297,-20.878359,Total,5V0H,RNA
-23.217054,25.222485,Total,1UUI_Compound_3aa,RNA
-31.05527,-24.50884,Total,7TZS_Z1,RNA
-30.89753,-23.758402,Total,8HZF,RNA
-32.61984,-24.925058,Total,1PBR_Bifunctional_aminoglycoside_derivative_2,RNA
-32.233524,-25.225828,Total,3F4G,RNA
-34.267563,9.265101,Total,6DN3_BRX1027,RNA
-33.239433,-24.339697,Total,2B57_Hypoxanthine,RNA
-34.97149,-20.999245,Strat,4Q9Q_MeOBI,RNA
-34.486675,-21.207659,Total,1AJU_NG-Monomethyl_arginine,RNA
-14.441388,-31.34892,Total,"1Y27_2,6-diaminopurine",RNA
-37.88657,-21.182526,Total,1QD3_Streptomycin,RNA
-37.11892,-16.627127,Total,1PBR_Neamine_derivative_28,RNA
10.312391,6.964724,Total,5V0O,RNA
26.20745,16.85095,Total,7REX,RNA
26.228573,16.824438,Total,8CF2,RNA
29.74105,9.410025,Total,1PBR_Bifunctional_aminoglycoside_derivative_5,RNA
29.393042,8.242127,Strat,7XD5_Guanidine-acetic_acid,RNA
29.693878,9.319201,Total,1ZZ5,RNA
30.501677,-10.101017,Total,2PWT,RNA
25.172249,16.075258,Strat,1PBR_ADMND-C2-NH2,RNA
-26.1483,32.28908,Total,1EVV_CMC3-1_Hoechst33258,RNA
-26.340958,32.740074,Total,2B57_2-Aminopurine,RNA
-10.151095,3.6726499,Total,1PBR_Neamine_mimic_9,RNA
-2.7310593,6.912383,Total,7D7X,RNA
-36.0644,-7.1981115,Total,1PBR_Spiro-compound_6,RNA
-16.779272,-15.747739,Total,3SUX,RNA
-10.444397,-20.506477,Total,8CF2_SMN-C5,RNA
27.273375,9.988405,Strat,2FCX,RNA
-16.560074,18.86023,Total,7XD5_Guanidinium,RNA
-1.8105898,37.67981,Total,8D28_1-methylxanthine,RNA
-2.6158617,37.297573,Total,2BE0,RNA
32.53472,12.657045,Total,4LVZ,RNA
32.296944,12.730261,Total,8YAM_Compound_3,RNA
33.34502,12.600641,Total,1J7T_Butirosin,RNA
8.010682,18.316406,Total,3Q50,RNA
8.159784,18.013222,Strat,4Q9Q_HBI,RNA
6.3864098,26.498526,Total,4Q9Q_BI,RNA
7.955188,18.900692,Total,3FO4_6-bromoguanine,RNA
13.663412,28.153563,Total,1PBR_Neamine_mimic_7,RNA
7.0127344,-31.0191,Total,"1PBR_6-chloro-3-((4-methyl-1,4-diazepan-1-yl)methyl)-4H-chromen-4-one",RNA
-9.013658,-23.69253,Total,7E9I,RNA
-1.2741191,-10.070805,Total,"1UUI_3-(2-methoxy-10H-phenothiazin-10-yl)-N,N-dimethylpropan-1-amine",RNA
-22.608948,24.73043,Total,1PBR_Perazidoparomomycin_derivative_12,RNA
-20.739119,-7.5681086,Total,1PBR_Ligand5_16S_A-site_RNA,RNA
-25.499773,-4.030788,Total,1PBR_benzimidazole_analog_rRNA_12,RNA
-14.657483,23.085632,Strat,6WZR,RNA
-16.773335,24.603853,Total,7SXP_Compound_16,RNA
-20.295473,-8.111329,Total,4KQY_SAC,RNA
-2.2897897,-11.420754,Total,1Y27,RNA
5.4538145,11.180722,Total,1PBR_Perazidoparomomycin_derivative_15,RNA
-2.5357993,-13.130159,Total,2PWT_aminoglycoside_3,RNA
1.4822172,-12.98636,Total,3S4P_14,RNA
0.98711306,-11.706136,Total,5UX3,RNA
-1.1628911,-11.461635,Total,2L1V,RNA
-15.088939,22.298122,Total,1PBR_benzimidazole_analog_rRNA_15,RNA
-2.6899276,-13.269963,Total,4RUM,RNA
-1.0207496,-11.531853,Total,1PBR_Perazidoparomomycin_derivative_23,RNA
-30.798874,0.6373989,Total,7SXP_Compound_18,RNA
-0.88564813,-10.539581,Total,1J7T_Apramycin,RNA
19.433348,-13.898875,Total,1PBR_dimethylamino_quinolinyl_pyridinyl_acetamide,RNA
-0.79423714,-11.425311,Total,1PBR_benzimidazole_analog_rRNA_23,RNA
-26.621687,-4.5824723,Total,3E5C,RNA
-27.147367,-4.908819,Total,4QLN,RNA
0.96591663,-11.530962,Total,3S4P_25,RNA
19.092804,-13.950408,Total,1UUI_2-chloro-10-[2-(2-methylpyrrolidin-1-yl)ethyl]_phenothiazine_der,RNA
-39.56294,7.8120832,Total,5SWE,RNA
2.319142,-12.708056,Strat,1PBR_Kasugamycin,RNA
-32.315132,-2.7527816,Total,1PBR_benzimidazole_analog_rRNA_24,RNA
19.359606,-13.783729,Total,5XI1_Daidzein,RNA
6.5956845,-44.933918,Total,1UUI_DMA-188,RNA
-7.0002103,7.423359,Total,3DIR,RNA
-9.293487,3.6419554,Total,8XZM,RNA
-9.299662,3.697592,Total,1UUI_2-chloro-10-methylpyrrolidin_phenothiazine_der,RNA
-5.818243,9.125249,Total,4LVZ_6S-tetrahydrofolate,RNA
-5.2021594,13.653137,Total,8D28_Compound_29,RNA
-26.098223,15.609179,Total,1PBR_Spiro-ether_compound_3,RNA
-5.2106595,13.664178,Total,1PBR_Ether_paromomycin_derivative_5,RNA
7.080897,-30.859457,Total,6CK5,RNA
28.363848,13.93914,Total,1PBR_Perazidoparomomycin_derivative_8,RNA
1.9048972,5.2869763,Total,1AJU_DMA-194,RNA
-13.384528,3.2719343,Total,1EVV_Methidiumpropyl-EDTA(MPE),RNA
32.144722,17.380306,Total,1PBR_Spiro-ether_compound_4,RNA
7.429464,3.5247197,Strat,1PBR_Aminoglycoside_derivative_2,RNA
0.6871089,5.3952603,Total,3TZR_Compd_36,RNA
28.666914,11.877558,Total,2F4U,RNA
27.2278,33.280243,Total,3DIG,RNA
1.9195892,4.820788,Total,7XD5_L-2-Amino-3-guanidinic_propionic_acid,RNA
31.737932,16.880758,Strat,8D28_Compound_11,RNA
28.584023,11.844981,Total,"1PBR_2-((2,2,6,6-tetramethylpiperidin-4-ylamino)methyl)phenol",RNA
-7.13317,14.858003,Total,7TZS_Molecule_11,RNA
-8.185785,13.319508,Total,1PBR_Perazidoparomomycin_derivative_6,RNA
-7.2848873,14.709697,Total,4K31_Paromomycin,RNA
-8.041978,14.058982,Total,1PBR_benzimidazole_analog_rRNA_41,RNA
-21.326344,19.166676,Total,8D28_Compound_18,RNA
-28.899183,-1.9566251,Strat,3FO6,RNA
-27.470493,15.587421,Total,1PBR_methylpyridine_der_5,RNA
-27.42418,15.570777,Total,2KGP,RNA
-24.26749,16.144709,Total,8D28_Compound_27,RNA
7.146572,-31.301899,Total,6BFB_ribocil-C,RNA
-24.646358,15.979315,Total,6UBU_8-hydroxyguanine,RNA
6.7380953,-30.730867,Total,1PBR_benzimidazole_analog_rRNA_46,RNA
-13.019996,-20.634727,Total,3TZR_Compd_38,RNA
2.6330025,44.45374,Total,1PBR_Perazidoparomomycin_derivative_1,RNA
-2.494371,-19.218395,Strat,1PBR_N1-isopropyl-N2-(2-(4-(4-methylbenzoyl)piperazin-1-yl)ethyl)oxalamide,RNA
16.947948,8.292847,Total,4GXY,RNA
15.313053,3.816595,Total,8D28_Compound_20,RNA
6.9387674,-0.17930879,Total,1PBR_methylpyridine_der_2,RNA
7.4167986,3.3015604,Total,3SD3,RNA
-3.290117,-23.506523,Total,3DJ0,RNA
-15.836429,-18.92676,Total,6TFF,RNA
8.420342,-20.712015,Total,5SWD,RNA
-18.359041,39.015938,Total,5XI1_Trifluoperazine,RNA
7.471025,-8.528217,Total,1EVV_Lividomycin,RNA
-12.193135,-21.540594,Total,3S4P_24,RNA
25.052027,7.139315,Total,3E5E,RNA
24.484732,6.078183,Total,6UBU_NU2058,RNA
24.366714,5.945347,Total,1PBR_benzimidazole_analog_rRNA_25,RNA
24.343155,5.885886,Total,3S4P_23,RNA
0.6994698,3.018024,Total,2BEE_paromomycin,RNA
-11.908185,-21.946192,Total,7KVV,RNA
5.1500216,-13.383213,Total,1PBR_Pactamycin,RNA
5.1510086,-13.3787,Total,1PBR_Perazidoparomomycin_derivative_22,RNA
5.8151636,26.508823,Strat,1PBR_benzimidazole_analog_rRNA_22,RNA
-12.190393,-21.535168,Total,1PBR_Ligand2_16S_A-site_RNA,RNA
-20.899847,-15.2478695,Total,1UTS,RNA
6.0729804,23.15201,Total,1PBR_3-quinolinecarboxamide,RNA
-11.268734,-25.397192,Total,1PBR_N-(2-morpholinoethyl)-1-(naphthalen-1-ylmethyl)piperidine-4-carboxamide,RNA
-7.021302,-13.162752,Total,8D28_7-methylxanthine,RNA
-7.1659307,-13.119889,Total,2PWT_aminoglycoside_2,RNA
-7.1588163,-13.122723,Total,"1PBR_4-(4,5-bis(azepan-1-ylmethyl)-1H-1,2,3-triazol-1-yl)-1,2,5-oxadiazol-3-amine",RNA
13.456736,16.852797,Strat,1UUI_Quinacridone,RNA
-36.043533,-7.2056575,Total,"1PBR_2-N,2-N-dimethylquinoline-2,4-diamine",RNA
-13.004839,-22.681751,Total,1Y26,RNA
27.051407,13.518988,Total,1PBR_Perazidoparomomycin_derivative_14,RNA
27.281061,13.113293,Total,1UUI_DMA-187,RNA
26.92157,15.239396,Total,1PBR_benzimidazole_analog_rRNA_14,RNA
-0.8937433,26.23423,Total,1PBR_Perazidoparomomycin_derivative_13,RNA
-2.0197008,27.130884,Total,6HAG_SAM,RNA
-3.414287,26.210836,Total,7XD5_l-arginine_ethyl_ester,RNA
-3.681985,27.268713,Total,7SXP_Compound_17,RNA
-2.0088904,24.81495,Total,6WZS,RNA
-2.0397,24.929428,Total,1PBR_benzimidazole_analog_rRNA_13,RNA
0.22237861,26.756903,Strat,8XZW,RNA
0.23764068,26.254887,Total,1KOC,RNA
-0.001309198,26.24167,Total,3TZR_Compd_39,RNA
-1.7029276,29.108704,Total,5XI1_Tetrachlorofluorescein,RNA
-5.8384204,31.576534,Total,7SXP_Nafamostat,RNA
2.0213294,27.345026,Total,7XD5_creatine,RNA
2.2564762,27.314299,Total,1BYJ_Gentamicin_c2,RNA
-6.274662,32.45769,Total,1PBR_methylpyridine_der_3,RNA
-0.8712101,35.687332,Total,6TF1,RNA
-25.24028,15.779413,Total,8XZE,RNA
23.210766,6.5972667,Total,7TD7_pyrithiamine,RNA
1.8844895,-2.5556014,Total,7WIE_Folinic_acid,RNA
-0.5365118,2.2705543,Strat,8D28_Compound_21,RNA
1.2383661,2.3967276,Total,1PBR_5E1bromophenyl52piperazin1,RNA
-1.0324802,1.8104274,Strat,8D28_Compound_19,RNA
1.3420016,2.640603,Total,1PBR_benzimidazole_analog_rRNA_40,RNA
-29.311916,13.127167,Total,7TZS_Molecule_10,RNA
-29.29816,13.134964,Total,1KOD,RNA
-11.815906,-11.699623,Total,2CKY,RNA
1.8615351,-15.940899,Strat,8D28_Compound_26,RNA
-19.603422,-9.130078,Total,1PBR_methylpyridine_der_4,RNA
-19.011944,-12.374728,Total,1FYP,RNA
-10.920276,7.66479,Total,1PBR_Aminoglycoside_derivative_3,RNA
-10.694528,7.8874187,Total,2GDI,RNA
-11.073634,-8.073609,Total,1AJU,RNA
23.31832,-17.944641,Total,1PBR_Spiro-ether_compound_5,RNA
1.8010914,-16.340654,Total,1PBR_Ether_paromomycin_derivative_3,RNA
18.266342,-12.1369,Strat,3V7E,RNA
-0.34227905,-23.81646,Total,6E8S_TO3-Biotin,RNA
-1.6874938,-20.77217,Total,1AJU_l-arginine,RNA
-0.04661334,14.231839,Total,"1PBR_4-hydroxy-2-oxo-N-(3-(piperidin-1-yl)propyl)-1,2,3,4,5,6,7,8-octahydroquinoline-3-carboxamide",RNA
-0.7400627,4.439884,Total,8D28_Compound_10,RNA
-7.7718377,10.00869,Total,7XD5_5-guanidinic_valeric_acid,RNA
-0.57867694,13.283963,Total,3TZR_Compd_37,RNA
-0.9777031,13.077234,Total,2F4T,RNA
1.3180641,14.562301,Total,1J7T_Hygromycin_B,RNA
-18.400166,10.829994,Total,1PBR_Ether_paromomycin_derivative_4,RNA
11.719107,-12.761151,Total,1PBR_Spiro-ether_compound_2,RNA
-0.58092356,13.2702875,Total,3SKI,RNA
0.3135077,13.426828,Total,1PBR_Aminoglycoside_derivative_4,RNA
-0.3654414,14.045367,Total,1BYJ,RNA
7.7208533,-5.3502607,Total,8D28_Compound_28,RNA
16.387053,9.136624,Total,1AJU_DMA-195,RNA
3.7541177,43.572758,Total,6CK4,RNA
3.2202113,43.849133,Total,1PBR_Perazidoparomomycin_derivative_9,RNA
-10.843465,-16.703295,Strat,8D28_Compound_17,RNA
-31.468067,-6.811776,Total,3TZR_Tobramycin,RNA
-31.064806,-6.4148684,Total,7XD5_3-guanidinic_propionic_acid,RNA
-30.82106,-5.68683,Total,4ERJ_Lysinamide,RNA
16.311,15.625865,Total,8D28_Compound_35,RNA
28.164112,15.340981,Total,5XI1_Hesperidine,RNA
28.592136,14.618358,Total,"1PBR_3-(3-(4-methylpiperazin-1-yl)propyl)-3H-pyrimido[5,4-b]indol-4(5H)-one",RNA
17.039333,8.99178,Total,1PBR_Aminoglycoside_derivative_25,RNA
4.2152753,9.780992,Strat,8D28_Compound_32,RNA
-10.7860985,27.681307,Total,1UUI_Thiethylperazine,RNA
12.533654,31.369564,Total,7TZS_Molecule_7,RNA
-9.109691,36.466537,Total,1PBR_Quinolinyl_DOS_paromomycin_der_3,RNA
-8.036282,36.636547,Total,6P2H_riboguanosine,RNA
-33.823505,18.678349,Total,4XW7,RNA
-33.16959,19.627266,Total,8YAN,RNA
-33.058327,19.658895,Total,"2G9C_2,4,5,6-tetraaminopyrimidine",RNA
-32.991062,19.136131,Total,5XI1_Epirubicin,RNA
-33.737183,19.523169,Total,6FZ0,RNA
-32.517902,18.726316,Total,1PBR_Aminoglycoside_derivative_13,RNA
-33.851242,19.920902,Strat,6VA2_Compound7,RNA
-7.8596697,-17.701675,Total,6DMC_Guanidine,RNA
-7.857013,-17.704626,Total,1EVV_ribostamycin,RNA
-36.7747,-23.034084,Total,4LVZ_dihydrofolate,RNA
7.324023,-41.703434,Total,8QMH,RNA
-13.653051,28.199768,Total,"1PBR_N,4-dimethylquinolin-2-amine",RNA
-36.843086,-22.881828,Total,4K32,RNA
-11.2355385,-25.482214,Total,1PBR_Aminoglycoside_derivative_14,RNA
-11.897237,-17.356192,Total,6UBU_N2-methylguanine,RNA
-10.856396,-17.570288,Total,7TZS_Molecule_35,RNA
-27.201092,31.041946,Strat,4KZD,RNA
-27.241058,31.035088,Total,7TZS_Molecule_9,RNA
-23.334665,16.66775,Total,1EVV_sisomicin,RNA
-27.445593,31.163792,Total,3K1V,RNA
-7.385926,-20.29581,Strat,1PBR_Piperidine_aminoglycoside_16S__A_site_RNA_mimic_5,RNA
-33.537106,-2.903322,Total,2GIS,RNA
-7.6389017,31.771465,Total,4QK9,RNA
-5.491643,28.201406,Total,1PBR_benzimidazole_analog_rRNA_31,RNA
10.443834,5.835268,Total,1UUI_DMA-169,RNA
-5.083903,7.0129848,Strat,1UUI_Yohimbine,RNA
-2.508628,6.683809,Total,1PBR_benzimidazole_analog_rRNA_36,RNA
15.076771,21.366684,Total,3TZR,RNA
-24.474598,-12.780511,Total,1PBR_Piperidine_aminoglycoside_16S__A_site_RNA_mimic_2,RNA
-26.63919,-10.485335,Total,7WIE,RNA
-26.152313,-11.6608925,Total,4FE5_Hypoxanthine,RNA
-23.777542,-10.4463825,Total,1PBR_benzimidazole_analog_rRNA_4,RNA
-24.67985,-11.261043,Strat,7TZT,RNA
-26.14764,-12.777487,Total,1UUI_hydroxymethyl_piperidinyl_propyl,RNA
-26.874765,-11.735213,Total,5LWJ,RNA
-24.947424,-7.918058,Strat,6VA4,RNA
-25.571474,-10.670252,Total,3TZR_Compd_41,RNA
-25.62919,-9.679665,Total,1UUI_DMA-193,RNA
-27.415339,-9.942265,Total,3OWI,RNA
-11.781426,7.320467,Total,"1PBR_6-methyl-3-((4-methyl-1,4-diazepan-1-yl)methyl)-4H-chromen-4-one",RNA
-26.294598,-10.881711,Total,4KQY_S-adenosyl_methionine,RNA
-24.684412,-11.624442,Total,7TZS,RNA
-24.956629,-7.962412,Total,7SXP_Compound_2,RNA
-27.84701,-11.938031,Total,1PBR_benzimidazole_analog_rRNA_3,RNA
-23.143871,-11.921692,Total,8ABD_SYUIQ-5,RNA
12.740816,-13.585396,Total,6VA3,RNA
-32.68038,21.465809,Total,8EYU,RNA
18.416334,-2.6897998,Total,1PBR_benzimidazole_analog_rRNA_38,RNA
-16.242357,5.3333154,Total,1PBR_Aminoglycoside_derivative_15,RNA
31.101095,18.711603,Total,6VA2_Compound1,RNA
23.812693,13.000543,Total,7XD5_Streptomycin,RNA
-16.129486,10.724442,Total,"2G9C_2,4-diaminopyrimidine",RNA
-18.748823,13.280729,Total,1AJU_DMA-180,RNA
-17.024185,12.890491,Total,2QWY,RNA
-16.609741,12.398395,Total,7TZS_Molecule_8,RNA
-18.19644,18.147322,Total,7XD5_dideoxy_Guanosine,RNA
-18.27221,18.002138,Total,4QKA,RNA
-16.420036,11.869412,Total,6VA2_Compound6,RNA
-17.983046,14.189332,Total,1UUI_CMC3_Hoechst33258,RNA
5.8660297,33.304462,Strat,1PBR_Aminoglycoside_derivative_12,RNA
5.8397694,33.300404,Total,1UUD,RNA
-17.650135,9.291257,Total,8ABD_TO,RNA
-17.420753,12.156735,Total,2XNZ,RNA
-17.109047,15.224896,Total,1UUI_SMN2_compound_6,RNA
-15.781559,13.7196865,Total,1PBR_Quinolinyl_DOS_paromomycin_der_2,RNA
24.643103,11.499739,Total,8D28_Compound_33,RNA
-17.662945,9.241223,Total,7TZS_Molecule_6,RNA
-20.91343,11.916976,Total,"1UUI_3-(2-chloro-10H-phenothiazin-10-yl)-N,N-dimethylpropan-1-amine",RNA
-15.850553,9.562371,Total,2NZ4,RNA
7.4916472,-8.531779,Total,8ABD_BRACO-19,RNA
22.975655,6.6503015,Strat,7TZS_Molecule_1,RNA
1.5900779,-4.10567,Total,1TOB,RNA
0.2733307,1.6119113,Total,8D28_Compound_34,RNA
-0.4502963,1.6684115,Total,1PBR_Edeine_mol,RNA
0.73869294,1.8253384,Total,6VA2_Compound8,RNA
2.0818958,-2.9478433,Total,6N5S,RNA
1.9767632,-3.6329703,Total,1PBR_4-(4-chlorophenyl)-N-(2-(pyrrolidin-1-yl)ethyl)phthalazin-1-amine,RNA
0.46791655,2.3849149,Total,2N0J,RNA
2.0974927,-3.4567647,Total,7SXP_Compound_3,RNA
3.2443874,-3.371004,Total,7TZR,RNA
4.796139,20.411848,Total,6DLT_ppGpp,RNA
-11.892509,28.051754,Strat,3S4P_38,RNA
11.504557,29.10083,Total,1PBR_benzimidazole_analog_rRNA_2,RNA
1.0011705,22.99444,Total,5BTP,RNA
11.835744,29.690094,Total,1J7T,RNA
0.4823221,22.02682,Total,1NTA,RNA
-0.25080323,21.88528,Total,1PBR_benzimidazole_analog_rRNA_39,RNA
-10.041966,-17.7119,Total,6VA2,RNA
-21.502043,-24.737604,Total,3TZR_sisomicin,RNA
-31.977455,-10.067436,Total,1PBR_benzimidazole_analog_rRNA_5,RNA
22.017345,35.922924,Total,7TZU,RNA
23.542276,35.42377,Strat,1F27,RNA
23.9698,36.17429,Total,3TZR_Compd_40,RNA
24.467539,36.72662,Total,1F1T,RNA
23.271278,33.8834,Total,1EVV_5_episisomicin,RNA
22.89029,34.91327,Total,2EES,RNA
25.621962,33.30167,Total,1PBR_3-(1H-benzo[d]imidazol-2-yl)-6-ethyl-7-hydroxy-8-(morpholinomethyl)-4H-chromen-4-one,RNA
23.130163,30.563097,Strat,1PBR_Piperidine_aminoglycoside_16S__A_site_RNA_mimic_3,RNA
23.058964,35.919094,Total,1PBR_benzimidazole_analog_rRNA_37,RNA
23.538876,36.49218,Total,1EVV_Kanamycin_A,RNA
20.235723,36.490456,Total,5XI1_Methyl_green,RNA
23.358477,38.315712,Total,1UUI_CMC2_tetraaminoquinozaline,RNA
24.187155,35.576912,Total,5V3F_TO3-Biotin,RNA
25.490501,37.45313,Total,4QK8,RNA
23.020437,30.46573,Total,4XWF,RNA
23.978254,37.470123,Strat,1PBR_benzimidazole_analog_rRNA_30,RNA
22.966383,37.30725,Total,1PBR_Piperidine_aminoglycoside_16S__A_site_RNA_mimic_4,RNA
25.643843,33.61931,Total,1PBR_Azepane_aminoglycoside_mimic_3,RNA
21.658176,38.165512,Total,5V0O_MPE-Fe(II),RNA
25.14711,39.692013,Total,6UBU_N2-phenoxyacetyl_guanine,RNA
46.192776,-12.853463,Total,3G4M,RNA
23.237764,30.729004,Total,7XD5_Methyl_Guanidinium,RNA
25.857855,36.97027,Total,7XD5_L-arginine_amide,RNA
24.07107,34.833237,Total,4Q9Q_DFHBI,RNA
25.349892,35.072887,Total,1UUI_3_phenothiazine_analog_3,RNA
26.402218,35.892017,Total,6VA2_Mitoxantrone,RNA
26.337454,35.872253,Total,5XI1_Amiloride,RNA
25.592655,39.099636,Total,7RWR_FAD,RNA
25.683775,39.06815,Total,2M4Q,RNA
-14.176382,-23.941128,Total,1UUI_hydroxymethyl_piperidinyl_pentyl,RNA
-42.689804,-18.203154,Total,8D28_Compound_8,RNA
-42.67801,-18.206625,Total,"1UUI_3-(3,7-dimethyl-10H-phenothiazin-10-yl)-N,N-dimethylpropan-1-amine",RNA
-31.971899,-12.696241,Total,6WZR_Compound8,RNA
-25.971992,-16.733088,Total,7XD5_agmatine,RNA
-31.704771,-11.849992,Strat,7WIE_5-methyl-THF,RNA
-31.83507,-10.80285,Total,1EVV_Bisamidinium_2,RNA
-7.3368506,-20.362486,Total,6DLT_Guanidine,RNA
-2.2655847,-24.09456,Total,7ELS,RNA
-20.27374,-5.232627,Total,8D28,RNA
-6.720385,24.344858,Total,1PBR_Acyclic_DOS_mimic_1_biphenyl_substituent,RNA
-7.807562,25.267645,Total,4ZC7,RNA
-7.426497,24.397764,Total,2MXS,RNA
-8.924107,23.035048,Total,7SXP_Hit_S5,RNA
-13.420038,25.790413,Strat,6WZR_Compound1,RNA
-23.202131,8.234214,Total,8D28_Compound_1,RNA
-40.79849,4.2769957,Total,6V9B,RNA
-21.333168,25.899235,Total,5XI1_Quinacrine_Di_Hcl,RNA
-21.216291,25.958021,Total,6E84,RNA
-14.134754,25.885387,Total,4L81,RNA
-15.329792,26.033472,Total,4LVZ_6R-tetrahydrofolate,RNA
-26.11357,10.570696,Total,7Q80,RNA
-16.376623,25.14907,Total,"1PBR_7-(2-(azocan-1-yl)ethyl)-3-methyl-1H-purine-2,6(3H,7H)-dione",RNA
-9.283664,9.539003,Total,8D28_Compound_6,RNA
-7.7033215,22.931202,Strat,4LX6,RNA
-21.810564,8.409192,Total,7Q7X,RNA
-14.471276,25.850815,Total,6UC9,RNA
3.483779,10.687504,Total,3NPQ_adenosine,RNA
-6.058102,21.872246,Total,1PBR_N-(4-bromo-3-methylphenyl)-3-(4-ethylpiperazin-1-yl)propanamide,RNA
-26.017595,10.53392,Total,1PBR_biphenyl_derivative,RNA
-9.097356,22.277836,Total,1UUI_S-Amino_acid_conjugate_14b,RNA
-21.166313,8.521979,Total,1EVV_Hygromycin_B,RNA
-22.710821,8.371019,Total,2KTZ,RNA
-11.9634495,24.907574,Total,7TDB,RNA
-9.484728,20.983885,Total,6UBU_6-chloroguanine,RNA
-25.626064,10.399165,Total,7A3Y_EBRB,RNA
-24.570704,10.125733,Total,7EON,RNA
9.067582,-41.037865,Strat,6BFB_ribocil,RNA
-21.723778,25.45393,Total,8D28_3-methylxanthine,RNA
-21.369675,25.82772,Total,6CK5_ppGpp,RNA
-9.058746,21.591145,Strat,5XI1_Bisantrene,RNA
-25.20868,6.3582397,Total,1PBR_Neamine_derivative_2,RNA
-7.897024,26.2733,Total,6UC7,RNA
-11.410685,26.43836,Total,1PBR_Diamino_piperidinyl_triazine_5,RNA
-4.065255,-5.4565554,Total,5XI1_9-amino_Acridine,RNA
-4.098924,-5.477538,Total,3NPQ,RNA
-10.267241,25.437752,Strat,1PBR_Heterocyclic_paromomycin_derivative_1,RNA
-6.068508,17.725397,Total,6QIS,RNA
-25.170937,32.07831,Total,7EOI,RNA
-16.993242,-20.041117,Total,8D2A,RNA
0.8289833,-26.065746,Total,1QD3,RNA
-17.190235,-19.739397,Total,1PBR_Diamino_piperidinyl_triazine_2,RNA
7.0080957,-41.426624,Total,1PBR_Neamine_derivative_5,RNA
-4.640296,18.389208,Total,4FRG,RNA
-3.8398595,17.036562,Total,"1PBR_7-benzyl-3-methyl-8-(piperazin-1-yl)-1H-purine-2,6(3H,7H)-dione",RNA
-5.196465,17.898779,Total,7XD5_N-Acetyl-L-arginine,RNA
-5.126713,17.90368,Total,6V9D,RNA
15.97372,21.25574,Total,6WZR_Compound7,RNA
-3.7545788,16.985033,Total,8D28_Compound_7,RNA
-6.798775,-17.680492,Total,6DN1,RNA
6.9058805,-9.193749,Total,3FU2,RNA
12.941348,39.925304,Total,2GIS_SAM,RNA
-24.081095,-16.39915,Total,"1UUI_N,N-dimethyl-3-(3-methyl-10H-phenothiazin-10-yl)propan-1-amine",RNA
-2.1935086,-23.425966,Total,1UUI_Quinoxaline_3,RNA
-1.9336421,-22.182816,Total,"1PBR_1-(2,4-dimethoxybenzyl)-4-methyl-1,4-diazepane",RNA
-2.5374281,-23.778423,Total,6HAG,RNA
12.486117,40.169853,Total,7SXP,RNA
-35.425724,-30.167185,Strat,9CPD,RNA
-16.432877,-20.099512,Total,7SXP_NRAS_SAR_3,RNA
-37.03872,-23.920584,Total,8D28_hypoxanthine,RNA
-35.518658,-29.941687,Total,1UUI_3_phenothiazine_analog_2,RNA
-36.37013,-29.869923,Total,2ET8,RNA
-37.328163,-24.033873,Total,6UBU_O6-methylguanine,RNA
-37.48681,-23.78332,Total,4FRN,RNA
-36.190125,-18.820969,Total,5BJO,RNA
-36.14094,-18.876835,Total,4W92,RNA
-36.577244,-29.775127,Strat,6QIR,RNA
-38.457256,-23.53721,Total,2B57_Guanine,RNA
-17.254555,-34.835506,Total,6HBT,RNA
1.4494653,19.965967,Total,3GCA,RNA
1.6003036,21.38467,Total,1UUI_chloro_piperidine_propyl_der,RNA
-7.029947,32.09388,Total,1PBR_Neamine_derivative_4,RNA
-7.109437,32.40389,Total,1PBR_Diamino_piperidinyl_triazine_3,RNA
2.7956161,19.382217,Total,"1PBR_1,3-bis(piperidin-1-ylmethyl)imidazolidine-2-thione",RNA
15.524613,30.759113,Total,3NPQ_SAM,RNA
21.624142,22.865196,Total,7RWR_riboflavin,RNA
15.372464,30.533285,Strat,7EOO,RNA
15.535726,30.690283,Total,1PBR_Diamino_piperidinyl_triazine_4,RNA
-6.628992,-0.8905993,Total,1PBR_Neamine_derivative_3,RNA
-6.5354457,-0.3967748,Total,7TD7_MDP,RNA
-5.224615,-0.5167831,Total,6E1V,RNA
-5.570262,-0.5599591,Total,1UUI_Compound_3cb,RNA
-6.758824,-1.528512,Total,1UUI_Trifluoperazine,RNA
-0.30833134,-23.849888,Total,6UC8,RNA
-0.7420338,-25.465824,Total,"6UBU_N6-cyclopropyl-9H-purine-2,6-diamine",RNA
-0.25530583,-24.947735,Total,1PBR_Ligand1_16S_A-site_RNA,RNA
