tSNE1,tSNE2,Split
7.5604405,-1.3978975,Strat
-7.280784,-32.789104,Total
-6.897954,-35.365685,Total
-7.2279744,-35.418987,Strat
-5.573893,-33.684006,Total
-5.498312,-34.211452,Total
10.062882,1.2222776,Total
10.133405,1.1292028,Total
8.784982,0.5098098,Total
10.108236,0.9816419,Total
22.149347,27.630476,Total
7.587248,-1.7048278,Total
29.580263,-10.58423,Total
23.862123,-11.965046,Strat
23.980156,-12.272584,Total
21.805222,-27.542883,Total
-25.201088,-17.474148,Total
-24.941465,-18.78423,Total
-24.500656,-18.910198,Total
-25.008455,-18.742428,Total
-25.98268,-18.903332,Total
-25.427582,-19.670465,Total
-25.061838,-19.511889,Total
6.598237,-43.083725,Total
-41.261005,-1.2903796,Total
-25.71235,-18.769543,Strat
-32.042183,-18.454586,Total
-30.707594,-19.79316,Total
-6.1104894,23.866173,Total
-7.887753,26.453024,Total
21.79867,-27.55708,Total
37.247257,-3.3678787,Total
12.210713,-26.128777,Total
-33.940865,-16.79372,Total
23.757837,22.009783,Total
36.67615,-4.233594,Total
23.498283,22.14267,Total
37.48085,-4.5997696,Total
38.50832,-2.568962,Total
37.81518,-5.872262,Total
14.941036,28.150959,Total
38.027863,-5.3471384,Strat
37.418354,-5.1442623,Total
15.702557,28.771444,Total
23.559702,22.111698,Total
-29.879965,-13.927214,Total
-29.825186,-14.202366,Total
38.83165,-3.972592,Total
37.443974,-4.5097795,Total
37.288578,-3.3936958,Total
-29.68688,-0.5104789,Total
-30.264442,0.29534167,Strat
21.118488,27.153433,Total
-5.10516,7.0396967,Total
-32.042343,-18.53824,Total
-31.506075,-19.30738,Total
-31.972107,-18.093565,Total
-37.924637,-18.691725,Total
-33.92885,-20.597246,Total
-33.655655,-22.181564,Total
-34.56891,-19.348167,Total
29.190252,-11.416661,Strat
50.070705,6.7193017,Total
50.07644,4.0368342,Total
35.293354,-10.192922,Total
36.96144,-11.2526455,Total
35.825813,-10.324452,Total
22.411383,-4.842023,Total
36.063374,-11.444538,Total
-12.4102,30.728334,Total
20.605528,27.481363,Strat
-18.85355,39.6667,Total
48.380898,4.8460813,Total
-16.825825,-34.805584,Total
-2.0784066,-17.872509,Total
47.606815,4.4241753,Total
27.358967,-29.631971,Total
46.738415,3.254768,Strat
-9.300894,-23.46814,Total
6.7052383,-14.073988,Total
-29.025557,8.2085285,Total
-17.668966,-6.0985146,Total
-25.878347,0.5727724,Total
-16.122746,-10.565507,Total
-13.689789,0.74509203,Total
-18.764223,0.17306672,Total
-10.422854,-4.2534723,Total
-19.37535,2.5263574,Total
-20.217562,3.5794365,Strat
-19.67744,-0.99100816,Total
-14.8839445,-6.6970563,Total
-16.667953,-5.7718077,Total
-13.826064,-5.889159,Total
-13.075821,-7.4607615,Total
-18.478834,2.0282362,Total
-12.193042,-10.374638,Total
-14.455237,1.0591162,Total
-12.155522,-10.498998,Total
-21.724976,2.960858,Strat
-10.608522,-6.4952006,Total
-12.025493,-6.555812,Total
-19.13419,3.0887272,Total
-20.024418,0.65831286,Total
-14.256428,0.9983112,Strat
-15.461772,0.52384967,Total
-15.923661,-7.828084,Total
-14.398979,0.4454253,Total
-24.48159,1.1339732,Strat
-24.37523,1.0463643,Total
-13.134681,-7.6756973,Total
-15.966334,-6.079492,Total
-21.933834,0.038345434,Total
-16.611536,-5.0904803,Total
-14.649586,-5.4080234,Total
-17.700348,1.8038137,Total
13.190178,-8.883011,Total
13.137531,-8.854083,Total
13.549346,-8.667475,Total
29.37879,-21.90411,Total
28.682053,-21.00928,Strat
29.885288,-23.654507,Total
31.312592,-21.015207,Total
28.857574,-21.81516,Total
32.302353,-24.040585,Total
31.623718,-23.054672,Total
30.66677,-22.22749,Total
28.36552,-21.771927,Total
29.088228,-23.550993,Total
29.665127,-22.747734,Total
29.540394,-22.207159,Total
32.989487,-24.240473,Total
29.400434,-20.270395,Total
32.44424,-23.205582,Strat
29.46803,-19.80253,Total
28.725166,-18.17267,Total
27.248032,-21.612806,Strat
28.470226,-22.860344,Total
18.06562,-6.3100944,Total
17.633825,-6.6730404,Total
29.277359,-16.145893,Total
-14.087149,-3.2022288,Total
25.965866,-23.052208,Total
26.689594,-24.239542,Total
35.373756,-28.186653,Total
35.135574,-27.471224,Total
35.283115,-28.104816,Total
34.05681,-27.970379,Total
35.264446,-27.738123,Total
3.0975358,10.198327,Total
27.592308,-17.951096,Total
15.121295,-23.975733,Total
14.424016,-24.131023,Total
13.81968,-24.310587,Strat
14.812546,-21.537523,Total
14.773827,-21.738771,Total
14.258219,-22.43648,Total
14.604214,-22.911121,Total
14.546383,-23.44847,Strat
14.040185,-23.907736,Total
22.595793,-21.648472,Total
33.52938,-22.947155,Total
32.258568,-19.50602,Total
28.900494,-16.574612,Total
30.264528,-18.701168,Total
31.343765,-18.40641,Total
-17.910728,-3.2183986,Total
10.373551,-5.9600515,Total
13.1745615,-4.262121,Total
12.108687,-5.1364045,Total
11.901811,-5.231685,Total
18.704243,-4.7086077,Strat
-20.959843,-0.29668275,Total
-11.544034,-6.490671,Total
-23.14219,3.5337083,Total
-20.643946,2.492548,Total
-20.050646,3.386104,Total
-19.200232,2.9303534,Total
-20.08876,4.9586635,Total
-16.110872,-10.571316,Total
-21.095024,-3.0193353,Total
-18.923908,3.6226952,Total
-21.946253,1.3131298,Strat
-20.62634,-1.2204412,Total
16.847084,-8.678194,Total
24.216959,-19.711948,Total
13.175378,-3.406207,Total
9.503544,-42.361996,Total
11.161879,-4.3309193,Total
12.32279,-4.071327,Total
24.180872,-19.848335,Total
9.188304,-42.946587,Total
5.253587,8.865587,Total
5.316897,8.82377,Total
13.940786,-3.1499848,Total
9.429852,-42.622402,Total
24.485607,-19.139118,Total
9.343295,-42.503223,Total
23.464403,-16.048826,Total
24.422453,-20.675398,Total
23.601019,-22.04725,Total
23.627378,-21.943375,Total
20.229158,-7.24988,Strat
20.478376,-8.22667,Total
19.057045,-8.481984,Total
19.119307,-8.269681,Total
19.950209,-8.125753,Total
19.715769,-7.3545117,Total
22.040152,-9.639401,Total
21.274052,-8.643103,Total
21.76798,-9.403807,Total
29.370367,-17.512873,Total
-13.272154,-3.8665514,Strat
23.248571,27.06252,Total
29.733784,-17.196766,Total
30.801336,-16.692526,Total
32.21725,-22.418507,Total
34.630863,-23.934525,Total
33.30039,-21.808565,Total
32.09991,-21.362429,Total
33.902832,-18.68845,Total
27.590897,-19.73404,Total
32.31427,-22.444016,Total
13.213478,-41.58688,Total
33.231224,-18.649796,Total
35.0292,-20.676132,Total
30.845228,-20.234163,Total
33.071392,-20.231682,Total
13.198763,-41.588696,Total
30.897577,-24.028349,Strat
34.84792,-20.786507,Total
30.247532,-21.296738,Total
29.70096,-20.85754,Total
32.257862,-16.806042,Strat
37.823376,-22.354298,Total
30.528738,-17.814863,Total
30.39429,-20.088821,Total
30.723047,-19.390995,Total
37.829205,-22.344341,Total
16.419662,-6.8819733,Total
17.040178,-6.1538134,Total
15.812451,-7.7039843,Total
16.146816,-7.760416,Total
16.289745,-8.3253,Total
10.966549,-43.18368,Total
12.08842,-42.695187,Total
11.467143,-43.232475,Total
11.515828,-43.36203,Total
16.785624,-5.029612,Total
16.250813,-5.0652943,Strat
14.787201,-5.6094594,Total
14.468802,-6.072479,Total
14.183458,-4.763498,Total
8.508527,-20.573584,Total
13.472486,-5.611552,Total
14.498046,-4.349389,Strat
14.434075,-4.6145687,Total
15.628198,-3.5984805,Total
15.056041,-4.54542,Total
16.569857,-3.3414662,Total
22.498493,27.542585,Total
35.02422,-17.924572,Total
29.588497,-14.963372,Total
-12.240634,-3.9135673,Total
-13.171647,-4.704904,Total
-13.44901,-4.4514546,Strat
-15.463196,-1.5214815,Total
-15.619404,-2.591127,Total
-16.75915,-3.4628732,Total
-16.877594,-3.0670962,Total
8.20397,-42.86403,Total
-16.88508,-2.9838784,Total
-15.398335,-1.7541553,Total
-14.49999,-1.2950913,Total
-14.989089,-2.92522,Total
-14.592701,-1.8984451,Total
-18.485308,4.3873835,Total
8.778231,-45.252136,Strat
9.809859,-45.6647,Strat
9.200886,-46.78118,Total
9.4817,-46.27807,Total
-37.211002,7.3370986,Total
-39.10674,5.865193,Total
-39.113037,6.0564556,Total
-36.104553,9.275714,Strat
-36.57259,9.233121,Total
-36.187416,8.651211,Total
-35.587574,8.018919,Total
-36.37678,7.3767195,Total
-36.2793,6.601784,Total
-35.683784,7.2869825,Total
-35.778687,6.3762045,Total
-39.253815,5.5081005,Total
-11.222751,-3.682062,Total
-36.69822,8.514818,Total
-37.396664,9.010028,Strat
-36.49287,6.8220224,Total
-41.252064,-1.2665505,Total
-39.366455,6.2229605,Total
-12.910584,-1.807588,Total
-12.452443,-1.809157,Strat
-12.633362,-2.9587677,Total
-12.363678,-2.2440014,Total
-12.119567,-4.019014,Total
-22.976755,5.127512,Total
-21.997843,4.4864006,Total
-12.353821,-6.039424,Total
-20.321995,0.2657917,Total
-17.348053,3.2966404,Total
-17.460669,3.0875585,Total
-17.398434,2.4080732,Strat
-16.494951,3.5749457,Total
-15.699,3.0784478,Strat
-17.031837,3.6564636,Total
-16.814543,2.815248,Total
28.027184,-17.209522,Total
11.543939,-12.669485,Total
-17.029,-34.71247,Total
-2.2394106,-18.638329,Total
29.057816,-11.446408,Total
27.342524,-14.90851,Total
26.891033,-14.361767,Total
24.341373,-13.409841,Total
6.8104386,-27.34432,Total
-36.811115,-18.316362,Total
-34.604954,-18.305391,Total
-34.921936,-19.007448,Total
-36.92916,-18.35874,Total
6.6634016,-14.044274,Total
21.739876,4.199495,Total
27.89153,-9.923981,Total
1.091822,-25.09264,Total
0.39421222,-20.809809,Total
0.38630342,-20.940443,Total
-28.255646,5.3713813,Total
-32.168354,5.3530073,Total
-32.224728,5.2699614,Total
-32.91591,6.609832,Total
-31.444914,5.556248,Total
-29.998915,4.631282,Total
-30.766708,4.642996,Total
-29.580015,4.3726296,Total
-25.90665,4.0744076,Total
-25.452328,5.1590157,Total
-31.554052,7.7332664,Total
-28.107447,4.056986,Total
25.821602,-16.932188,Strat
9.276078,-0.031093698,Total
-34.372307,4.6294537,Total
-38.2018,4.572683,Total
25.754932,-16.894888,Total
10.699178,-1.4684337,Total
-7.2786355,-28.798412,Total
-7.2999654,-28.967085,Total
14.568169,-17.144295,Total
14.510356,-17.066126,Total
14.694392,-17.297033,Total
-8.192143,-31.930088,Total
-9.596496,-34.44244,Strat
-7.301625,-33.804783,Total
-7.065035,-32.84385,Total
-6.8179784,-33.30884,Total
-7.961213,-34.199398,Total
-7.098103,-34.802372,Total
-6.4882045,-33.509045,Total
-6.053977,-32.717583,Total
-8.395504,-33.51564,Total
1.7678403,-16.537518,Total
-30.505928,6.3027706,Total
7.202853,-44.88156,Total
-30.758087,4.675477,Strat
-14.508377,23.32127,Total
27.487795,-16.478197,Total
-23.276892,-1.5580161,Total
10.695305,-1.4627092,Total
-8.857509,-37.81038,Total
-8.853781,-37.837456,Total
-8.798649,-35.39956,Total
-40.318478,4.673958,Total
8.601272,-43.528133,Total
-32.116486,3.4424849,Total
6.950602,-44.93786,Total
1.570682,-13.949305,Total
-14.030508,-13.47639,Total
-7.481724,9.099761,Strat
-7.4697776,-7.7166815,Total
-33.03618,6.907954,Total
-32.16633,4.4195538,Total
-32.742344,5.0215316,Strat
-31.056473,7.150658,Total
-7.0288363,-8.064557,Total
-28.449453,5.4129596,Strat
-26.59368,3.4112954,Total
-26.83754,2.9972496,Total
-26.447231,3.7011802,Strat
-27.653543,3.1316166,Total
23.47024,-12.825386,Total
23.456177,-13.117338,Total
-14.120846,-23.900545,Total
-3.6915944,36.867085,Strat
-6.300738,32.197113,Total
-0.89158696,29.490347,Total
-2.4624484,31.207022,Strat
48.201393,3.9171188,Total
-35.550823,-30.237476,Total
49.87567,5.800939,Total
39.595516,-10.746169,Total
-18.610865,39.092186,Total
22.450638,-33.42024,Total
4.3710933,-3.7667384,Total
-36.105133,-24.375683,Total
50.8201,5.9812374,Total
6.3548875,-1.4379368,Total
27.60372,8.434306,Total
-36.31275,-23.25904,Total
-33.40444,-22.279203,Total
-4.2154994,36.427155,Total
-2.3442972,30.811554,Total
-3.9220269,27.99829,Strat
-1.9370843,30.790741,Total
-3.000307,27.68117,Total
-3.1367164,28.314512,Total
50.123413,2.5019376,Total
50.29658,1.9385029,Total
38.84923,-12.317899,Total
38.10532,-11.6663,Total
25.254288,12.839061,Total
-5.160124,32.473793,Total
48.71821,5.0446196,Total
50.62412,3.816922,Strat
47.211567,4.8475757,Total
50.101906,4.486501,Total
49.232887,4.570217,Total
47.817795,5.8299103,Total
48.210735,2.203439,Strat
48.40468,2.1518948,Total
47.809162,6.4303718,Total
51.586567,4.3950644,Total
52.178123,4.807007,Total
51.28005,3.6087143,Total
48.672325,3.7885928,Total
22.78507,-4.7710657,Total
-4.6681886,34.438427,Total
0.29427812,30.288424,Total
0.8408471,31.056965,Total
-3.4907892,29.207222,Total
25.567148,12.237267,Strat
0.33153743,44.764587,Total
15.341751,4.593496,Total
15.434872,4.662231,Total
-37.049904,-21.283146,Total
-32.110363,-22.375484,Strat
-30.192644,-20.114384,Total
31.164806,17.87066,Total
24.89851,12.845783,Total
-3.6254392,3.1165164,Total
24.361687,12.966714,Total
10.649284,5.6198,Total
8.847039,-19.022528,Total
8.932647,-18.823122,Total
22.028172,12.72756,Total
-11.343043,-0.14192158,Strat
-16.616194,-31.820585,Total
-16.37111,-25.0503,Total
-19.267504,-26.039555,Total
-19.934004,-25.751534,Total
-20.014874,-26.501188,Total
-19.117876,-25.634098,Total
-34.444855,-2.8971865,Total
-34.742393,-2.8576603,Total
-20.324984,-25.750586,Total
-19.185751,-26.397991,Total
-20.293987,-25.276693,Total
-20.689955,-27.082785,Total
4.3688765,-20.187887,Total
0.57606727,-7.9481597,Strat
0.656256,-8.282291,Total
0.80498505,-8.310006,Total
3.2510896,-8.827945,Total
2.5080028,-8.463381,Total
0.18270005,-18.296371,Total
1.7566615,-24.214273,Total
1.738919,-24.22231,Total
-16.640335,-31.816961,Total
7.334045,-0.7142225,Total
-3.7812169,22.35489,Total
0.089718916,-19.889523,Total
4.717213,-1.0213503,Total
-2.8646247,-4.866597,Strat
30.895638,-8.420548,Total
-15.194972,-25.68433,Total
-33.307014,-8.998781,Total
-6.702527,-20.606794,Total
-3.797672,22.803955,Total
-14.335537,-32.88845,Total
-14.323236,-31.602798,Total
3.5326123,-7.270644,Total
-0.064127,-7.8894467,Total
0.11781871,-8.23639,Total
3.4308705,-8.732435,Total
27.220829,-29.766914,Total
27.083714,-29.888212,Total
5.6524234,-14.9631195,Total
24.655584,17.41088,Strat
49.49025,5.2791157,Strat
50.43326,5.25651,Total
48.68601,5.6897407,Total
7.026477,-14.541434,Total
7.859951,-9.341064,Total
51.33273,1.4114254,Total
42.24671,-14.211603,Total
42.336792,-14.113912,Total
1.491437,44.839626,Total
27.87053,-9.938698,Total
-4.5419474,36.79495,Strat
-0.86111677,32.232483,Total
-4.6227455,34.144558,Total
-3.754816,34.19646,Total
-2.5707026,36.73934,Total
-18.64937,39.069916,Strat
22.44457,-33.425842,Total
-34.221516,-30.656841,Total
-32.41629,-13.657784,Total
13.292726,15.187849,Total
15.098853,14.175048,Total
14.290141,14.9320345,Total
13.921165,14.983304,Total
14.932471,15.142981,Total
5.474735,22.790216,Total
1.2339797,45.264786,Strat
17.468708,12.026506,Total
-2.534575,2.3565683,Total
8.712772,-13.4084835,Total
-4.1474204,9.674391,Total
-4.6977572,9.616963,Total
-4.9635115,9.463631,Total
-2.9004242,36.122276,Total
-1.1938655,28.138239,Total
-1.7257313,29.959146,Total
-3.8000002,36.09798,Strat
-7.83304,30.281546,Total
-4.2629433,37.147602,Total
-6.023933,36.091312,Total
-10.055476,30.764301,Total
-5.108015,36.184933,Total
30.446453,9.305678,Total
-6.4453254,-9.172772,Total
-7.861346,30.401533,Total
24.817034,17.471508,Total
-7.2300735,36.23214,Total
-5.7301307,25.79753,Total
29.985012,13.605303,Strat
29.933743,13.649336,Total
30.596884,9.535809,Total
30.84084,8.630309,Strat
17.439976,12.056677,Total
17.425123,11.958443,Total
0.1364982,4.583641,Total
3.6740615,15.913919,Total
14.3539,5.4379907,Total
13.901558,5.5436473,Total
30.58906,12.820941,Total
2.0730615,1.67504,Total
-8.69603,33.825336,Total
30.801792,10.177947,Total
-9.978353,31.068686,Total
-38.24255,-10.834854,Strat
-38.24255,-10.837424,Total
50.49639,2.2815092,Total
40.587864,-12.630843,Total
38.02267,-13.20037,Total
39.785328,-13.441101,Total
38.355938,-13.732017,Total
39.049652,-14.433372,Total
37.424976,-13.176172,Total
40.08725,-14.037108,Total
39.62047,-14.728172,Total
40.2707,-16.094732,Strat
37.014065,-27.443302,Total
37.224533,-14.484744,Total
38.556076,-15.3920965,Total
38.81453,-13.316362,Total
-28.942726,-33.86,Total
-27.874325,-33.3766,Total
3.492375,20.15468,Total
4.592674,23.075764,Total
5.5245085,22.68909,Total
23.920675,14.765946,Total
3.3695273,18.905708,Total
4.8406754,19.348131,Total
-29.060448,-33.89956,Strat
-20.176058,14.294179,Total
40.402092,-8.885243,Total
41.843544,-9.142061,Total
42.844646,-9.985526,Total
39.919495,-8.850819,Total
42.92367,-11.388501,Total
40.880116,-11.064427,Strat
41.39347,-11.167593,Total
42.221226,-10.752321,Total
42.02908,-10.335471,Total
40.93061,-10.061455,Total
43.0688,-9.134065,Total
41.62736,-9.72891,Total
-10.5459385,-35.161995,Total
40.857746,-10.537862,Total
41.728756,-7.484156,Total
38.897747,-8.312281,Total
-37.23483,-16.52521,Total
-35.422813,-22.9895,Total
-33.145493,-21.825787,Strat
-35.96699,-22.674614,Total
-27.313576,-35.79751,Total
-26.987818,-32.973747,Total
-26.90211,-32.80959,Total
-27.027254,-33.070007,Total
-27.194973,-32.61603,Total
-26.592257,-35.761765,Total
-26.585413,-35.665245,Total
-26.543829,-35.629047,Total
2.8662796,43.886616,Total
-18.491837,-18.622736,Strat
13.04637,15.021911,Total
10.409493,10.363033,Total
12.020424,10.278432,Total
9.706969,12.198134,Total
11.257621,10.416036,Total
11.832996,10.845781,Total
11.584846,11.106158,Total
11.786644,10.501361,Total
9.716904,12.200668,Total
11.223785,10.07609,Total
5.312715,33.189953,Total
-3.468279,28.157942,Total
17.296219,-30.515694,Total
17.299551,-30.51549,Total
-34.93431,-10.5838785,Strat
-34.934437,-10.568015,Total
21.677528,-27.754452,Total
17.307835,-30.51603,Strat
-18.604269,39.71205,Total
-6.7315435,31.345263,Total
31.048828,-8.96391,Total
36.864918,-9.804233,Total
36.296253,-9.587825,Total
39.14759,-12.100294,Strat
30.157183,-10.225064,Total
0.9397398,44.872284,Total
15.803116,4.418541,Total
17.120972,7.189857,Total
17.143234,7.036432,Total
16.726683,21.042551,Total
0.1474559,44.708145,Total
3.3160486,20.017094,Total
-11.863703,28.823221,Total
4.7551937,19.357603,Strat
0.43479964,15.863302,Total
-5.080184,38.769123,Total
-2.7169292,29.78477,Total
-12.163875,29.524881,Total
-0.0073551037,28.853558,Total
12.101558,29.053436,Total
12.537679,29.584158,Total
-12.157561,28.352272,Total
13.159381,29.343351,Total
12.482175,29.642511,Total
-5.0562725,38.856754,Total
-5.7799983,33.42436,Total
-5.8939366,36.362278,Total
5.3851304,10.62599,Total
-21.555515,12.114543,Total
-21.677652,12.251339,Total
-10.528365,32.258537,Total
-11.080367,-0.11269009,Total
-11.990036,14.267095,Total
-12.760965,14.926798,Total
-11.666873,15.997734,Total
-12.52696,15.53316,Strat
-12.932027,15.164443,Total
-12.435313,15.720212,Total
-12.84751,14.577721,Total
-16.788403,-15.747552,Total
30.581429,7.9267273,Total
28.710358,7.018172,Total
29.365461,7.1483626,Total
29.062866,6.8604417,Total
28.821093,7.042679,Total
15.825077,21.272722,Total
-3.6729925,23.179146,Total
-11.690984,17.014654,Total
-18.741331,-3.5869167,Strat
-38.18297,-20.878359,Total
-23.217054,25.222485,Total
-31.05527,-24.50884,Total
-32.049374,-25.23525,Total
-30.89753,-23.758402,Total
-35.87262,-16.689785,Total
-32.61984,-24.925058,Total
-32.233524,-25.225828,Total
-34.267563,9.265101,Total
-33.239433,-24.339697,Total
-34.97149,-20.999245,Strat
-34.486675,-21.207659,Total
-14.441388,-31.34892,Total
-37.88657,-21.182526,Total
-37.11892,-16.627127,Total
29.134295,5.7380953,Total
10.312391,6.964724,Total
26.20745,16.85095,Total
26.228573,16.824438,Total
29.74105,9.410025,Total
29.393042,8.242127,Strat
29.693878,9.319201,Total
30.501677,-10.101017,Total
35.46778,-9.525598,Total
25.172249,16.075258,Strat
-26.1483,32.28908,Total
-26.340958,32.740074,Total
25.246872,16.189644,Total
-10.151095,3.6726499,Total
-2.7310593,6.912383,Total
3.8932848,27.015007,Total
-36.0644,-7.1981115,Total
-16.779272,-15.747739,Total
-10.251136,3.674597,Total
-10.444397,-20.506477,Total
27.273375,9.988405,Strat
-16.560074,18.86023,Total
-1.8105898,37.67981,Total
-2.6158617,37.297573,Total
32.53472,12.657045,Total
32.296944,12.730261,Total
33.34502,12.600641,Total
8.010682,18.316406,Total
7.5307336,17.997005,Total
8.159784,18.013222,Strat
6.3864098,26.498526,Total
7.955188,18.900692,Total
13.663412,28.153563,Total
6.8556857,-29.013838,Total
7.0127344,-31.0191,Total
-9.013658,-23.69253,Total
-1.2741191,-10.070805,Total
-22.608948,24.73043,Total
-20.739119,-7.5681086,Total
-25.499773,-4.030788,Total
-25.579063,-4.064819,Total
-14.657483,23.085632,Strat
-16.773335,24.603853,Total
-19.030058,-12.373338,Total
-20.295473,-8.111329,Total
-2.2897897,-11.420754,Total
5.4538145,11.180722,Total
-2.5357993,-13.130159,Total
1.4822172,-12.98636,Total
0.98711306,-11.706136,Total
-1.1628911,-11.461635,Total
-15.088939,22.298122,Total
-2.6899276,-13.269963,Total
-1.0207496,-11.531853,Total
-30.798874,0.6373989,Total
-0.88564813,-10.539581,Total
-30.248007,-6.292161,Total
-30.024214,-5.825735,Total
19.433348,-13.898875,Total
-0.0056049204,-11.677487,Total
-0.79423714,-11.425311,Total
-26.621687,-4.5824723,Total
-27.147367,-4.908819,Total
0.96591663,-11.530962,Total
19.092804,-13.950408,Total
5.460164,11.465938,Total
-39.56294,7.8120832,Total
2.319142,-12.708056,Strat
-32.315132,-2.7527816,Total
19.359606,-13.783729,Total
6.5956845,-44.933918,Total
-7.0002103,7.423359,Total
-9.293487,3.6419554,Total
-9.299662,3.697592,Total
-5.818243,9.125249,Total
-5.2021594,13.653137,Total
-26.098223,15.609179,Total
-5.2106595,13.664178,Total
7.080897,-30.859457,Total
28.363848,13.93914,Total
1.9048972,5.2869763,Total
0.7830305,5.1269574,Total
-13.384528,3.2719343,Total
32.144722,17.380306,Total
7.429464,3.5247197,Strat
0.6871089,5.3952603,Total
28.666914,11.877558,Total
27.2278,33.280243,Total
1.9195892,4.820788,Total
31.737932,16.880758,Strat
28.584023,11.844981,Total
-7.13317,14.858003,Total
-8.185785,13.319508,Total
-7.2848873,14.709697,Total
-8.041978,14.058982,Total
-21.326344,19.166676,Total
-21.34798,19.145496,Total
-28.899183,-1.9566251,Strat
-27.470493,15.587421,Total
-27.42418,15.570777,Total
-24.26749,16.144709,Total
7.146572,-31.301899,Total
-24.646358,15.979315,Total
6.290474,-31.069408,Total
6.7380953,-30.730867,Total
-13.019996,-20.634727,Total
2.6330025,44.45374,Total
-2.494371,-19.218395,Strat
16.947948,8.292847,Total
15.313053,3.816595,Total
6.9387674,-0.17930879,Total
7.4167986,3.3015604,Total
-3.290117,-23.506523,Total
-15.836429,-18.92676,Total
8.420342,-20.712015,Total
-18.359041,39.015938,Total
7.471025,-8.528217,Total
-12.193135,-21.540594,Total
-10.83942,-17.642195,Total
25.052027,7.139315,Total
24.484732,6.078183,Total
24.366714,5.945347,Total
24.343155,5.885886,Total
0.6994698,3.018024,Total
-11.908185,-21.946192,Total
5.1500216,-13.383213,Total
5.1510086,-13.3787,Total
-16.452278,-32.28011,Total
5.8151636,26.508823,Strat
-12.190393,-21.535168,Total
-20.899847,-15.2478695,Total
6.0729804,23.15201,Total
26.687334,9.737881,Total
-11.268734,-25.397192,Total
-7.021302,-13.162752,Total
-7.1659307,-13.119889,Total
-7.1588163,-13.122723,Total
13.456736,16.852797,Strat
-36.043533,-7.2056575,Total
-13.004839,-22.681751,Total
27.051407,13.518988,Total
27.281061,13.113293,Total
26.92157,15.239396,Total
-0.8937433,26.23423,Total
-1.0133888,28.930569,Total
-3.314376,27.166153,Total
-2.0197008,27.130884,Total
-3.414287,26.210836,Total
-3.681985,27.268713,Total
-2.0088904,24.81495,Total
-2.0397,24.929428,Total
0.22237861,26.756903,Strat
0.23764068,26.254887,Total
-0.0013091981,26.24167,Total
-1.7029276,29.108704,Total
-1.7543725,27.503216,Total
-5.8384204,31.576534,Total
2.0213294,27.345026,Total
2.2564762,27.314299,Total
-6.274662,32.45769,Total
-0.8712101,35.687332,Total
-25.24028,15.779413,Total
23.210766,6.5972667,Total
1.8844895,-2.5556014,Total
-0.5365118,2.2705543,Strat
1.2383661,2.3967276,Total
-1.0324802,1.8104274,Strat
1.4723507,-3.281876,Total
1.3420016,2.640603,Total
3.259747,-3.166073,Total
-29.311916,13.127167,Total
-29.29816,13.134964,Total
-11.815906,-11.699623,Total
1.8615351,-15.940899,Strat
-19.603422,-9.130078,Total
-11.025582,7.6529713,Total
3.3213851,9.332316,Total
-19.698278,-9.044237,Total
-19.011944,-12.374728,Total
-10.920276,7.66479,Total
-10.694528,7.8874187,Total
-11.073634,-8.073609,Total
23.31832,-17.944641,Total
1.8010914,-16.340654,Total
18.266342,-12.1369,Strat
-0.34227905,-23.81646,Total
-1.6874938,-20.77217,Total
-0.04661334,14.231839,Total
-0.7400627,4.439884,Total
-7.7718377,10.00869,Total
-0.57867694,13.283963,Total
-0.9777031,13.077234,Total
1.3180641,14.562301,Total
-18.400166,10.829994,Total
11.719107,-12.761151,Total
0.8130107,13.8276615,Total
-0.58092356,13.2702875,Total
0.3135077,13.426828,Total
-0.3654414,14.045367,Total
7.7208533,-5.3502607,Total
16.387053,9.136624,Total
3.7541177,43.572758,Total
11.866115,5.0982585,Total
3.2202113,43.849133,Total
-10.843465,-16.703295,Strat
-31.468067,-6.811776,Total
-31.064806,-6.4148684,Total
-30.82106,-5.68683,Total
16.311,15.625865,Total
28.164112,15.340981,Total
28.592136,14.618358,Total
30.711271,17.4611,Total
29.445953,15.867986,Total
30.018795,16.557896,Total
17.039333,8.99178,Total
4.2152753,9.780992,Strat
-10.7860985,27.681307,Total
12.533654,31.369564,Total
-9.109691,36.466537,Total
-8.036282,36.636547,Total
-33.823505,18.678349,Total
-33.16959,19.627266,Total
-33.058327,19.658895,Total
-32.991062,19.136131,Total
-33.737183,19.523169,Total
-32.517902,18.726316,Total
-33.851242,19.920902,Strat
-7.8596697,-17.701675,Total
-7.857013,-17.704626,Total
-36.7747,-23.034084,Total
7.324023,-41.703434,Total
-13.653051,28.199768,Total
-36.843086,-22.881828,Total
-11.2355385,-25.482214,Total
-11.897237,-17.356192,Total
-10.856396,-17.570288,Total
-27.201092,31.041946,Strat
-27.241058,31.035088,Total
-23.334665,16.66775,Total
-27.445593,31.163792,Total
-7.385926,-20.29581,Strat
-33.537106,-2.903322,Total
-7.6389017,31.771465,Total
-5.491643,28.201406,Total
10.443834,5.835268,Total
-4.2970138,24.371075,Total
-5.083903,7.0129848,Strat
-2.508628,6.683809,Total
-6.3220954,9.211542,Total
15.076771,21.366684,Total
-24.474598,-12.780511,Total
-26.63919,-10.485335,Total
-26.152313,-11.6608925,Total
-23.777542,-10.4463825,Total
-24.67985,-11.261043,Strat
-26.14764,-12.777487,Total
-26.874765,-11.735213,Total
-24.668726,-11.674998,Total
-24.947424,-7.918058,Strat
-25.571474,-10.670252,Total
-25.62919,-9.679665,Total
-27.415339,-9.942265,Total
-11.781426,7.320467,Total
-26.294598,-10.881711,Total
-24.684412,-11.624442,Total
-24.956629,-7.962412,Total
-27.84701,-11.938031,Total
-23.143871,-11.921692,Total
12.740816,-13.585396,Total
-32.68038,21.465809,Total
18.416334,-2.6897998,Total
-16.242357,5.3333154,Total
31.101095,18.711603,Total
23.812693,13.000543,Total
-16.129486,10.724442,Total
-18.748823,13.280729,Total
-18.693914,13.124071,Total
-17.024185,12.890491,Total
-16.609741,12.398395,Total
-16.610489,12.402223,Total
-18.19644,18.147322,Total
-18.27221,18.002138,Total
-16.420036,11.869412,Total
-17.983046,14.189332,Total
5.8660297,33.304462,Strat
5.8397694,33.300404,Total
-17.650135,9.291257,Total
-17.420753,12.156735,Total
-17.109047,15.224896,Total
-18.10132,19.107283,Strat
8.275534,-41.720356,Total
-15.781559,13.7196865,Total
24.643103,11.499739,Total
-17.662945,9.241223,Total
-20.91343,11.916976,Total
-15.850553,9.562371,Total
-32.682392,21.472807,Total
7.4916472,-8.531779,Total
22.975655,6.6503015,Strat
1.5900779,-4.10567,Total
0.2733307,1.6119113,Total
-0.4502963,1.6684115,Total
0.73869294,1.8253384,Total
2.0818958,-2.9478433,Total
1.9767632,-3.6329703,Total
-0.39069995,1.317837,Total
0.46791655,2.3849149,Total
2.0974927,-3.4567647,Total
3.2443874,-3.371004,Total
4.796139,20.411848,Total
-11.892509,28.051754,Strat
11.504557,29.10083,Total
1.0011705,22.99444,Total
11.835744,29.690094,Total
0.4823221,22.02682,Total
-0.25080323,21.88528,Total
-10.041966,-17.7119,Total
-10.431059,9.258276,Total
-21.502043,-24.737604,Total
-31.977455,-10.067436,Total
22.017345,35.922924,Total
23.542276,35.42377,Strat
23.9698,36.17429,Total
24.467539,36.72662,Total
24.482124,37.32406,Total
23.540329,36.99248,Strat
25.485687,33.844666,Total
23.271278,33.8834,Total
22.89029,34.91327,Total
25.621962,33.30167,Total
23.130163,30.563097,Strat
23.058964,35.919094,Total
22.898548,36.47553,Total
23.538876,36.49218,Total
20.235723,36.490456,Total
23.358477,38.315712,Total
24.187155,35.576912,Total
24.567759,36.117996,Total
25.490501,37.45313,Total
23.020437,30.46573,Total
23.978254,37.470123,Strat
22.966383,37.30725,Total
25.643843,33.61931,Total
21.658176,38.165512,Total
25.14711,39.692013,Total
46.157475,-12.836536,Total
46.192776,-12.853463,Total
23.237764,30.729004,Total
25.857855,36.97027,Total
24.07107,34.833237,Total
25.349892,35.072887,Total
26.402218,35.892017,Total
26.337454,35.872253,Total
25.592655,39.099636,Total
25.683775,39.06815,Total
-14.176382,-23.941128,Total
-42.689804,-18.203154,Total
-42.67801,-18.206625,Total
-31.971899,-12.696241,Total
-25.971992,-16.733088,Total
-31.704771,-11.849992,Strat
-31.83507,-10.80285,Total
-32.864937,-2.8637805,Total
-7.3368506,-20.362486,Total
-2.2655847,-24.09456,Total
-20.27374,-5.232627,Total
-6.720385,24.344858,Total
-7.807562,25.267645,Total
-8.049639,9.633261,Total
-11.3073435,26.307467,Total
-7.426497,24.397764,Total
-11.261348,25.909958,Total
-8.924107,23.035048,Total
-13.420038,25.790413,Strat
-23.202131,8.234214,Total
-40.79849,4.2769957,Total
-6.5975494,21.349247,Total
-21.333168,25.899235,Total
-21.216291,25.958021,Total
-7.574804,23.688702,Total
-14.134754,25.885387,Total
-15.329792,26.033472,Total
-26.11357,10.570696,Total
-16.376623,25.14907,Total
-9.283664,9.539003,Total
-7.7033215,22.931202,Strat
-21.810564,8.409192,Total
-14.471276,25.850815,Total
3.483779,10.687504,Total
-6.058102,21.872246,Total
-26.017595,10.53392,Total
-9.097356,22.277836,Total
-21.166313,8.521979,Total
-22.710821,8.371019,Total
-11.9634495,24.907574,Total
-9.484728,20.983885,Total
-25.626064,10.399165,Total
-24.570704,10.125733,Total
9.067582,-41.037865,Strat
-21.723778,25.45393,Total
-21.369675,25.82772,Total
-9.058746,21.591145,Strat
-25.20868,6.3582397,Total
-7.897024,26.2733,Total
-11.410685,26.43836,Total
-4.065255,-5.4565554,Total
-4.098924,-5.477538,Total
-10.267241,25.437752,Strat
-3.4491267,-5.227403,Strat
-17.154125,-19.70523,Total
-6.068508,17.725397,Total
-25.170937,32.07831,Total
-25.224083,32.086506,Total
-16.993242,-20.041117,Total
0.8289833,-26.065746,Total
-17.190235,-19.739397,Total
7.0080957,-41.426624,Total
-26.112906,32.244305,Total
-10.913213,17.132824,Strat
-4.640296,18.389208,Total
-3.8398595,17.036562,Total
-5.196465,17.898779,Total
-5.126713,17.90368,Total
15.97372,21.25574,Total
-3.7545788,16.985033,Total
-6.798775,-17.680492,Total
6.9058805,-9.193749,Total
12.941348,39.925304,Total
-14.898729,12.026842,Total
13.04378,39.871883,Total
25.389063,18.677635,Total
-24.081095,-16.39915,Total
-2.1935086,-23.425966,Total
-1.9336421,-22.182816,Total
-2.5374281,-23.778423,Total
12.486117,40.169853,Total
8.346792,-13.546127,Total
-35.425724,-30.167185,Strat
-16.432877,-20.099512,Total
-18.030148,-20.186907,Total
-17.333996,-21.296164,Total
-37.03872,-23.920584,Total
-35.518658,-29.941687,Total
-36.37013,-29.869923,Total
-37.328163,-24.033873,Total
-37.48681,-23.78332,Total
-36.190125,-18.820969,Total
-36.14094,-18.876835,Total
-36.577244,-29.775127,Strat
-36.36878,-29.362411,Total
-38.457256,-23.53721,Total
-17.254555,-34.835506,Total
1.4494653,19.965967,Total
1.6003036,21.38467,Total
1.3777065,21.405931,Total
-7.029947,32.09388,Total
-7.109437,32.40389,Total
2.7956161,19.382217,Total
15.524613,30.759113,Total
21.624142,22.865196,Total
15.372464,30.533285,Strat
15.535726,30.690283,Total
-3.358688,-8.883341,Total
-6.628992,-0.8905993,Total
-6.5354457,-0.3967748,Total
-7.1139627,0.118731536,Total
-6.3835635,-0.60259426,Total
-5.224615,-0.5167831,Total
-5.570262,-0.5599591,Total
-6.758824,-1.528512,Total
-28.89851,-1.8887366,Strat
-0.30833134,-23.849888,Total
-0.7420338,-25.465824,Total
-0.25530583,-24.947735,Total
